BIM;Afghanistan
BST;Afghanistan
BPM;Afghanistan
CCN;Afghanistan
FBD;Afghanistan
FAH;Afghanistan
GRG;Afghanistan
HEA;Afghanistan
JAA;Afghanistan
KBL;Afghanistan
KDH;Afghanistan
KHT;Afghanistan
KWH;Afghanistan
UND;Afghanistan
MMZ;Afghanistan
MZR;Afghanistan
SGA;Afghanistan
ZAJ;Afghanistan
TIA;Albania
AZR;Algeria
ALG;Algeria
AAE;Algeria
BJA;Algeria
BMW;Algeria
BUJ;Algeria
CZL;Algeria
DJG;Algeria
ELG;Algeria
ELU;Algeria
GHA;Algeria
HME;Algeria
INF;Algeria
INZ;Algeria
GJL;Algeria
ORN;Algeria
OGX;Algeria
TMR;Algeria
TEE;Algeria
TID;Algeria
TMX;Algeria
TLM;Algeria
TGR;Algeria
IAM;Algeria
AZZ;Angola
BUG;Angola
CAB;Angola
NOV;Angola
SVP;Angola
LAD;Angola
SDD;Angola
LUO;Angola
SSY;Angola
MEG;Angola
SPP;Angola
NGV;Angola
ARZ;Angola
GXG;Angola
PBN;Angola
VHC;Angola
SZA;Angola
UGO;Angola
CEO;Angola
XGN;Angola
AXA;Anguilla
BBQ;Antigua and Barbuda
ANU;Antigua and Barbuda
ARR;Argentina
BHI;Argentina
BRC;Argentina
AEP;Argentina
CTC;Argentina
CRD;Argentina
COR;Argentina
EQS;Argentina
EZE;Argentina
FMA;Argentina
GPO;Argentina
IRJ;Argentina
LGS;Argentina
MDQ;Argentina
MDZ;Argentina
PRA;Argentina
PSS;Argentina
IGR;Argentina
PMY;Argentina
RCQ;Argentina
RES;Argentina
RCU;Argentina
RGL;Argentina
RGA;Argentina
ROS;Argentina
SLA;Argentina
FDO;Argentina
UAQ;Argentina
LUQ;Argentina
AFA;Argentina
RSA;Argentina
SDE;Argentina
TUC;Argentina
USH;Argentina
VDM;Argentina
VME;Argentina
EVN;Armenia
AUA;Aruba
ADL;Australia
ALH;Australia
ABX;Australia
ASP;Australia
ABH;Australia
ARY;Australia
ARM;Australia
AVV;Australia
BSJ;Australia
BNK;Australia
BZD;Australia
BWU;Australia
BHS;Australia
BRT;Australia
BEU;Australia
BLN;Australia
BKQ;Australia
BLT;Australia
BQL;Australia
BRK;Australia
BWQ;Australia
MHU;Australia
BNE;Australia
BHQ;Australia
BME;Australia
BDB;Australia
BWT;Australia
BQB;Australia
CNS;Australia
HBA;Australia
CDU;Australia
CBR;Australia
CVQ;Australia
CED;Australia
CTL;Australia
CCL;Australia
XCH;Australia
CMQ;Australia
CVC;Australia
CNJ;Australia
CAZ;Australia
CCK;Australia
CUQ;Australia
CFS;Australia
CRB;Australia
CPD;Australia
OOL;Australia
OOM;Australia
COJ;Australia
CNB;Australia
CMD;Australia
CWW;Australia
CYG;Australia
CWT;Australia
CKI;Australia
CUY;Australia
DRW;Australia
DNO;Australia
DRB;Australia
DPO;Australia
DRN;Australia
DBO;Australia
DYA;Australia
ECH;Australia
ELC;Australia
EMD;Australia
EPR;Australia
MEB;Australia
LEA;Australia
FIZ;Australia
FLS;Australia
FRB;Australia
FOS;Australia
GET;Australia
GLT;Australia
GLI;Australia
GUL;Australia
GFN;Australia
GFF;Australia
GTE;Australia
GUH;Australia
HCQ;Australia
HLT;Australia
HTI;Australia
HXX;Australia
HVB;Australia
HTU;Australia
HID;Australia
HSM;Australia
IVR;Australia
JAD;Australia
KGI;Australia
KTA;Australia
KRB;Australia
KPS;Australia
KRA;Australia
KNS;Australia
KGY;Australia
KGC;Australia
KWM;Australia
KNX;Australia
LST;Australia
LGH;Australia
LER;Australia
LNO;Australia
LHG;Australia
LSY;Australia
IRG;Australia
LRE;Australia
LDH;Australia
MKY;Australia
XMC;Australia
MNG;Australia
MRG;Australia
MCY;Australia
SYD;Australia
MKR;Australia
SNB;Australia
GPN;Australia
MIM;Australia
MQL;Australia
MBW;Australia
MOV;Australia
MRZ;Australia
MYA;Australia
LTB;Australia
MGB;Australia
ISA;Australia
WME;Australia
MMG;Australia
DGE;Australia
NAA;Australia
NRA;Australia
QRM;Australia
NTL;Australia
ZNE;Australia
GOV;Australia
NLK;Australia
NTN;Australia
OAG;Australia
RBS;Australia
PBO;Australia
PKE;Australia
PUG;Australia
PHE;Australia
PKT;Australia
PLO;Australia
PQQ;Australia
PPI;Australia
PTJ;Australia
PPP;Australia
ULP;Australia
RCL;Australia
PER;Australia
RMK;Australia
RBC;Australia
ROK;Australia
RMA;Australia
RPM;Australia
RTS;Australia
SGO;Australia
SXE;Australia
SHT;Australia
SIO;Australia
SHQ;Australia
HLS;Australia
SWC;Australia
SRN;Australia
SWH;Australia
TMW;Australia
TRO;Australia
XTO;Australia
TEM;Australia
TCA;Australia
THG;Australia
XTG;Australia
TYB;Australia
TWB;Australia
TSV;Australia
MEL;Australia
TUM;Australia
WGA;Australia
WGE;Australia
WGT;Australia
WKB;Australia
QRR;Australia
WEI;Australia
WWA;Australia
WYA;Australia
WUN;Australia
WNR;Australia
WIN;Australia
WOL;Australia
NGA;Australia
AYQ;Australia
GRZ;Austria
LNZ;Austria
INN;Austria
KLU;Austria
SZG;Austria
VIE;Austria
BAK;Azerbaijan
KVD;Azerbaijan
SAQ;Bahamas
MAY;Bahamas
ASD;Bahamas
ATC;Bahamas
CCZ;Bahamas
ZSA;Bahamas
CRI;Bahamas
COX;Bahamas
LGI;Bahamas
FPO;Bahamas
GHB;Bahamas
GGT;Bahamas
GHC;Bahamas
SML;Bahamas
MHH;Bahamas
IGA;Bahamas
MYG;Bahamas
NAS;Bahamas
CAT;Bahamas
NMC;Bahamas
ELH;Bahamas
PID;Bahamas
RSD;Bahamas
BIM;Bahamas
AXP;Bahamas
TYM;Bahamas
TCB;Bahamas
BAH;Bahrain
BZL;Bangladesh
CGP;Bangladesh
CLA;Bangladesh
CXB;Bangladesh
DAC;Bangladesh
JSR;Bangladesh
RJH;Bangladesh
SPD;Bangladesh
ZYL;Bangladesh
TKR;Bangladesh
BGI;Barbados
BQT;Belarus
GME;Belarus
GNA;Belarus
MHP;Belarus
MSQ;Belarus
VTB;Belarus
ANR;Belgium
BRU;Belgium
CRL;Belgium
KJK;Belgium
LGG;Belgium
OST;Belgium
BZE;Belize
COO;Benin
KDC;Benin
NAE;Benin
PKO;Benin
BDA;Bermuda
PBH;Bhutan
APB;Bolivia
BJO;Bolivia
CAM;Bolivia
CIJ;Bolivia
CBB;Bolivia
CEP;Bolivia
GYA;Bolivia
LPB;Bolivia
MGD;Bolivia
MHW;Bolivia
ORU;Bolivia
PSZ;Bolivia
REY;Bolivia
RIB;Bolivia
RBO;Bolivia
RBQ;Bolivia
SRJ;Bolivia
SNM;Bolivia
SNG;Bolivia
SJV;Bolivia
SJB;Bolivia
SRD;Bolivia
SRZ;Bolivia
VVI;Bolivia
SRE;Bolivia
TJA;Bolivia
TDD;Bolivia
VAH;Bolivia
VLM;Bolivia
BYC;Bolivia
BNX;Bosnia-Hercegovina
OMO;Bosnia-Hercegovina
SJJ;Bosnia-Hercegovina
TZL;Bosnia-Hercegovina
FRW;Botsuana
GBE;Botsuana
GNZ;Botsuana
JWA;Botsuana
BBK;Botsuana
KHW;Botsuana
MUB;Botsuana
ORP;Botsuana
PKW;Botsuana
SWX;Botsuana
TBY;Botsuana
TLD;Botsuana
AJU;Brazil
BEL;Brazil
CNF;Brazil
PLU;Brazil
BVB;Brazil
BSB;Brazil
VCP;Brazil
CGR;Brazil
CMG;Brazil
CZS;Brazil
CGB;Brazil
CWB;Brazil
FLN;Brazil
FOR;Brazil
IGU;Brazil
GYN;Brazil
IOS;Brazil
IMP;Brazil
JPA;Brazil
JOI;Brazil
LDB;Brazil
MCP;Brazil
MCZ;Brazil
MAO;Brazil
MAB;Brazil
MGF;Brazil
NAT;Brazil
NVT;Brazil
PMW;Brazil
PMG;Brazil
POA;Brazil
BPS;Brazil
PVH;Brazil
REC;Brazil
RAO;Brazil
RBR;Brazil
SDU;Brazil
GIG;Brazil
SSA;Brazil
STM;Brazil
SJP;Brazil
SLZ;Brazil
CGH;Brazil
GRU;Brazil
THE;Brazil
UDI;Brazil
VIX;Brazil
EIS;British Virgin Islands
VIJ;British Virgin Islands
BWN;Brunei Darussalam
BOJ;Bulgaria
GOZ;Bulgaria
PDV;Bulgaria
SOF;Bulgaria
VAR;Bulgaria
XGA;Burkina Faso
BNR;Burkina Faso
BOY;Burkina Faso
DGU;Burkina Faso
DOR;Burkina Faso
FNG;Burkina Faso
XGG;Burkina Faso
XKA;Burkina Faso
XNU;Burkina Faso
OUA;Burkina Faso
OUG;Burkina Faso
TEG;Burkina Faso
BJM;Burundi
GID;Burundi
KRE;Burundi
BBM;Cambodia
PNH;Cambodia
REP;Cambodia
BFX;Cameroon
BPC;Cameroon
OUR;Cameroon
BTA;Cameroon
DLA;Cameroon
DSC;Cameroon
EBW;Cameroon
FOM;Cameroon
GOU;Cameroon
KBI;Cameroon
MMF;Cameroon
MVR;Cameroon
NGE;Cameroon
TKC;Cameroon
NSI;Cameroon
YAO;Cameroon
ZMH;Canada
YXX;Canada
LAK;Canada
AKV;Canada
YAL;Canada
YLT;Canada
YTF;Canada
YEY;Canada
YAA;Canada
YAX;Canada
YYW;Canada
YEK;Canada
YIB;Canada
YAT;Canada
YPJ;Canada
YBG;Canada
YBC;Canada
YBK;Canada
ZBF;Canada
XBE;Canada
YXQ;Canada
ZEL;Canada
QBC;Canada
YBV;Canada
YTL;Canada
YBI;Canada
YDV;Canada
YVB;Canada
YBY;Canada
YDT;Canada
YBR;Canada
YBT;Canada
XBR;Canada
ZBM;Canada
YBM;Canada
YVT;Canada
YPZ;Canada
YDB;Canada
YYC;Canada
YCB;Canada
YBL;Canada
YTE;Canada
YRF;Canada
YCG;Canada
YAC;Canada
YCE;Canada
YLD;Canada
YML;Canada
YCL;Canada
YHG;Canada
YYG;Canada
XCM;Canada
YCS;Canada
YCQ;Canada
YHR;Canada
YMT;Canada
YCW;Canada
ZUM;Canada
YYQ;Canada
XCL;Canada
YCY;Canada
YCN;Canada
YOD;Canada
YKC;Canada
YCK;Canada
YQQ;Canada
YZS;Canada
YCC;Canada
YCT;Canada
YCA;Canada
YYM;Canada
YXC;Canada
YCR;Canada
YDN;Canada
YDI;Canada
YDQ;Canada
YDA;Canada
YDL;Canada
YDF;Canada
YVZ;Canada
YWJ;Canada
YDG;Canada
YDO;Canada
YDC;Canada
YHD;Canada
DUQ;Canada
YXR;Canada
ZEM;Canada
YEG;Canada
YXD;Canada
YET;Canada
YEL;Canada
YEN;Canada
YEU;Canada
YCZ;Canada
ZFW;Canada
ZFA;Canada
YFO;Canada
ZFD;Canada
YFC;Canada
YFA;Canada
YPY;Canada
YAG;Canada
YGH;Canada
YFH;Canada
YJF;Canada
YMM;Canada
ZFM;Canada
YYE;Canada
ZFN;Canada
YFR;Canada
YER;Canada
YFS;Canada
YSM;Canada
YXJ;Canada
YQX;Canada
YGP;Canada
YND;Canada
YGQ;Canada
YGX;Canada
YGM;Canada
YHK;Canada
YGO;Canada
ZGI;Canada
YYR;Canada
YZE;Canada
ZGF;Canada
YGC;Canada
YQU;Canada
YZX;Canada
YGZ;Canada
YHT;Canada
YHZ;Canada
YAW;Canada
YUX;Canada
YHM;Canada
YDJ;Canada
YGV;Canada
YHY;Canada
YHF;Canada
YOJ;Canada
ZHP;Canada
YJA;Canada
YHI;Canada
YHE;Canada
YHO;Canada
YHN;Canada
YHB;Canada
YNH;Canada
YGT;Canada
ZUC;Canada
YGR;Canada
ILF;Canada
YPH;Canada
YEV;Canada
YFB;Canada
YIV;Canada
YIK;Canada
ZJG;Canada
YKA;Canada
XGR;Canada
YWB;Canada
YKG;Canada
YYU;Canada
XKS;Canada
YDU;Canada
ZKE;Canada
KEW;Canada
YLW;Canada
KES;Canada
YQK;Canada
YKJ;Canada
YKD;Canada
YKY;Canada
KIF;Canada
YGK;Canada
YKX;Canada
YKF;Canada
YCO;Canada
YVP;Canada
YGW;Canada
YGL;Canada
YVC;Canada
SSQ;Canada
YLQ;Canada
XLB;Canada
YLB;Canada
YLE;Canada
YLH;Canada
YLR;Canada
YLS;Canada
YQL;Canada
ZGR;Canada
YLL;Canada
YXU;Canada
YYL;Canada
XMP;Canada
YMN;Canada
YMG;Canada
YEM;Canada
YMW;Canada
YSP;Canada
YMH;Canada
ZMT;Canada
YNM;Canada
YME;Canada
YMA;Canada
YLJ;Canada
YXH;Canada
YMB;Canada
YCH;Canada
YQM;Canada
YYY;Canada
YUL;Canada
YMX;Canada
YMJ;Canada
YMO;Canada
YQA;Canada
MSA;Canada
YDP;Canada
YQN;Canada
YCD;Canada
YSR;Canada
YNA;Canada
YNS;Canada
YVQ;Canada
YQW;Canada
YYB;Canada
YNE;Canada
YOG;Canada
YOC;Canada
YOO;Canada
YOW;Canada
YRO;Canada
YOS;Canada
YOH;Canada
YXP;Canada
YPD;Canada
YPC;Canada
YPE;Canada
YPO;Canada
YBB;Canada
YTA;Canada
YYF;Canada
YWA;Canada
YPQ;Canada
YPL;Canada
YPM;Canada
PIW;Canada
WPC;Canada
ZPO;Canada
YNL;Canada
YIO;Canada
XPP;Canada
YZT;Canada
YPS;Canada
YHA;Canada
YMP;Canada
YPN;Canada
YPG;Canada
YSO;Canada
YPW;Canada
YPA;Canada
YXS;Canada
YPR;Canada
XPK;Canada
YPX;Canada
YVM;Canada
YQC;Canada
YQB;Canada
YQZ;Canada
YRA;Canada
YOP;Canada
YRT;Canada
YQF;Canada
YRL;Canada
YRS;Canada
YQR;Canada
YUT;Canada
YRB;Canada
YRV;Canada
YRG;Canada
YXK;Canada
YRI;Canada
YRJ;Canada
YRM;Canada
XRR;Canada
ZRJ;Canada
YUY;Canada
ZPB;Canada
YSY;Canada
YSJ;Canada
YZG;Canada
YSN;Canada
YZP;Canada
ZSJ;Canada
YSK;Canada
YZR;Canada
YXE;Canada
YAM;Canada
YKL;Canada
YHS;Canada
YZV;Canada
ZTM;Canada
YSC;Canada
YXL;Canada
YZH;Canada
YYD;Canada
YSH;Canada
XSI;Canada
YSE;Canada
YAY;Canada
YCM;Canada
YYT;Canada
YFX;Canada
YST;Canada
YQS;Canada
YIF;Canada
YHU;Canada
YJN;Canada
YSL;Canada
YJT;Canada
ZST;Canada
YSF;Canada
YSB;Canada
YSD;Canada
SUR;Canada
YSU;Canada
ZJN;Canada
YYN;Canada
YQY;Canada
XTL;Canada
YYH;Canada
YTQ;Canada
YTX;Canada
YTJ;Canada
YXT;Canada
YZW;Canada
YGB;Canada
YQD;Canada
YTD;Canada
YTH;Canada
YQT;Canada
YTS;Canada
YTT;Canada
YAZ;Canada
YTZ;Canada
YKZ;Canada
YYZ;Canada
YTR;Canada
YRQ;Canada
YUB;Canada
TUX;Canada
TNS;Canada
YUD;Canada
YBE;Canada
YVO;Canada
YVR;Canada
YVG;Canada
YVE;Canada
YYJ;Canada
YWK;Canada
YKQ;Canada
YQH;Canada
YXZ;Canada
YWP;Canada
YFJ;Canada
YNC;Canada
YXN;Canada
YZU;Canada
YXY;Canada
YVV;Canada
YWM;Canada
YWL;Canada
YQG;Canada
YWG;Canada
ZWL;Canada
YWY;Canada
WNN;Canada
YQI;Canada
YZF;Canada
ZAC;Canada
YQV;Canada
RAI;Cape Verde
MMO;Cape Verde
SNE;Cape Verde
BVC;Cape Verde
VXE;Cape Verde
SID;Cape Verde
CYB;Cayman Islands
GCM;Cayman Islands
BBY;Central Africa
BGU;Central Africa
BGF;Central Africa
BBT;Central Africa
IRO;Central Africa
BSN;Central Africa
BOP;Central Africa
BOZ;Central Africa
BIV;Central Africa
NDL;Central Africa
MKI;Central Africa
AIG;Central Africa
IMO;Central Africa
AEH;Chad
AMC;Chad
ATV;Chad
BKR;Chad
OTC;Chad
OGR;Chad
OUT;Chad
FYT;Chad
LTC;Chad
AMO;Chad
MVO;Chad
MQQ;Chad
NDJ;Chad
PLF;Chad
SRH;Chad
ZUD;Chile
ANF;Chile
ARI;Chile
BBA;Chile
CJC;Chile
SMB;Chile
WCH;Chile
CNR;Chile
CCH;Chile
YAI;Chile
LGR;Chile
CCP;Chile
CPO;Chile
GXQ;Chile
ESR;Chile
FFU;Chile
IQQ;Chile
LSC;Chile
ZLR;Chile
LOB;Chile
LSQ;Chile
ZOS;Chile
WPR;Chile
ZPC;Chile
WPA;Chile
PMC;Chile
PNT;Chile
WPU;Chile
PUQ;Chile
QRC;Chile
SSD;Chile
SCL;Chile
ULC;Chile
TLX;Chile
TTC;Chile
ZCO;Chile
TOQ;Chile
ZAL;Chile
VLR;Chile
ZIC;Chile
KNA;Chile
AKU;China - Peoples Republic
AAT;China - Peoples Republic
AQG;China - Peoples Republic
AOG;China - Peoples Republic
AYN;China - Peoples Republic
BSD;China - Peoples Republic
BAV;China - Peoples Republic
BHY;China - Peoples Republic
NAY;China - Peoples Republic
PEK;China - Peoples Republic
BFU;China - Peoples Republic
CGQ;China - Peoples Republic
CSX;China - Peoples Republic
CIH;China - Peoples Republic
CZX;China - Peoples Republic
CTU;China - Peoples Republic
CIF;China - Peoples Republic
CKG;China - Peoples Republic
DLC;China - Peoples Republic
DDG;China - Peoples Republic
DAT;China - Peoples Republic
DNH;China - Peoples Republic
FUG;China - Peoples Republic
FYN;China - Peoples Republic
FOC;China - Peoples Republic
KOW;China - Peoples Republic
GOQ;China - Peoples Republic
CAN;China - Peoples Republic
KWL;China - Peoples Republic
KWE;China - Peoples Republic
HAK;China - Peoples Republic
HLD;China - Peoples Republic
HMI;China - Peoples Republic
HGH;China - Peoples Republic
HZG;China - Peoples Republic
HRB;China - Peoples Republic
HFE;China - Peoples Republic
HEK;China - Peoples Republic
HNY;China - Peoples Republic
HET;China - Peoples Republic
HKG;China - Peoples Republic
HTN;China - Peoples Republic
TXN;China - Peoples Republic
HYN;China - Peoples Republic
JMU;China - Peoples Republic
JIL;China - Peoples Republic
TNA;China - Peoples Republic
JDZ;China - Peoples Republic
JHG;China - Peoples Republic
JNG;China - Peoples Republic
JNZ;China - Peoples Republic
JIU;China - Peoples Republic
CHW;China - Peoples Republic
KRY;China - Peoples Republic
KHG;China - Peoples Republic
KRL;China - Peoples Republic
KMG;China - Peoples Republic
KCA;China - Peoples Republic
LHW;China - Peoples Republic
ZGC;China - Peoples Republic
LXA;China - Peoples Republic
LYG;China - Peoples Republic
LJG;China - Peoples Republic
LZH;China - Peoples Republic
LYA;China - Peoples Republic
YUM;China - Peoples Republic
MFM;China - Peoples Republic
MDG;China - Peoples Republic
KHN;China - Peoples Republic
NAO;China - Peoples Republic
NKG;China - Peoples Republic
NNG;China - Peoples Republic
NNY;China - Peoples Republic
NGB;China - Peoples Republic
TAO;China - Peoples Republic
IQN;China - Peoples Republic
SHP;China - Peoples Republic
NDG;China - Peoples Republic
JJN;China - Peoples Republic
SYX;China - Peoples Republic
SHA;China - Peoples Republic
PVG;China - Peoples Republic
SWA;China - Peoples Republic
SHS;China - Peoples Republic
SHE;China - Peoples Republic
SZX;China - Peoples Republic
SJW;China - Peoples Republic
SYM;China - Peoples Republic
SZV;China - Peoples Republic
TYN;China - Peoples Republic
TSN;China - Peoples Republic
TNH;China - Peoples Republic
TGO;China - Peoples Republic
HLH;China - Peoples Republic
URC;China - Peoples Republic
WEF;China - Peoples Republic
WNZ;China - Peoples Republic
WUH;China - Peoples Republic
WUX;China - Peoples Republic
WUS;China - Peoples Republic
WUZ;China - Peoples Republic
XIY;China - Peoples Republic
XMN;China - Peoples Republic
XFN;China - Peoples Republic
XIC;China - Peoples Republic
XNT;China - Peoples Republic
XNN;China - Peoples Republic
XUZ;China - Peoples Republic
ENY;China - Peoples Republic
YNJ;China - Peoples Republic
YNT;China - Peoples Republic
YBP;China - Peoples Republic
YIH;China - Peoples Republic
INC;China - Peoples Republic
YIN;China - Peoples Republic
YIW;China - Peoples Republic
UYN;China - Peoples Republic
ZHA;China - Peoples Republic
ZAT;China - Peoples Republic
CGO;China - Peoples Republic
HSN;China - Peoples Republic
ZUH;China - Peoples Republic
ZYI;China - Peoples Republic
ACR;Colombia
AUC;Colombia
AXM;Colombia
BSC;Colombia
EJA;Colombia
BAQ;Colombia
BGA;Colombia
BUN;Colombia
CLO;Colombia
CTG;Colombia
CRC;Colombia
CUO;Colombia
CAQ;Colombia
CPL;Colombia
IGO;Colombia
CIM;Colombia
COG;Colombia
CZU;Colombia
CVE;Colombia
RAV;Colombia
CUC;Colombia
EBG;Colombia
ELB;Colombia
EYP;Colombia
FLA;Colombia
GIR;Colombia
GPI;Colombia
HTZ;Colombia
IBE;Colombia
IPI;Colombia
PVA;Colombia
LPD;Colombia
LET;Colombia
MGN;Colombia
MCJ;Colombia
MQU;Colombia
EOH;Colombia
MFS;Colombia
MVP;Colombia
MMP;Colombia
MTR;Colombia
NVA;Colombia
OCV;Colombia
PAL;Colombia
PSO;Colombia
PZA;Colombia
PEI;Colombia
PTX;Colombia
PPN;Colombia
PUU;Colombia
PBE;Colombia
PCR;Colombia
PDA;Colombia
LQM;Colombia
UIB;Colombia
OTU;Colombia
RCH;Colombia
MDE;Colombia
SJE;Colombia
SVI;Colombia
SMR;Colombia
BOG;Colombia
RVE;Colombia
SOX;Colombia
TME;Colombia
TIB;Colombia
TQS;Colombia
TDA;Colombia
ULQ;Colombia
TCO;Colombia
TRB;Colombia
VUP;Colombia
VGZ;Colombia
VVC;Colombia
AJN;Comoros
NWA;Comoros
HAH;Comoros
YVA;Comoros
FDU;Congo, Democratic Republic of the
BSU;Congo, Democratic Republic of the
BAN;Congo, Democratic Republic of the
BNC;Congo, Democratic Republic of the
BNB;Congo, Democratic Republic of the
BOA;Congo, Democratic Republic of the
BKY;Congo, Democratic Republic of the
BMB;Congo, Democratic Republic of the
BUX;Congo, Democratic Republic of the
BZU;Congo, Democratic Republic of the
GDJ;Congo, Democratic Republic of the
BDT;Congo, Democratic Republic of the
GMA;Congo, Democratic Republic of the
GOM;Congo, Democratic Republic of the
IDF;Congo, Democratic Republic of the
IKL;Congo, Democratic Republic of the
PFR;Congo, Democratic Republic of the
INO;Congo, Democratic Republic of the
IRP;Congo, Democratic Republic of the
KBO;Congo, Democratic Republic of the
KBN;Congo, Democratic Republic of the
FMI;Congo, Democratic Republic of the
KLY;Congo, Democratic Republic of the
KMN;Congo, Democratic Republic of the
KGA;Congo, Democratic Republic of the
KNM;Congo, Democratic Republic of the
KAP;Congo, Democratic Republic of the
KEC;Congo, Democratic Republic of the
KGN;Congo, Democratic Republic of the
KKW;Congo, Democratic Republic of the
KND;Congo, Democratic Republic of the
FIH;Congo, Democratic Republic of the
NLO;Congo, Democratic Republic of the
FKI;Congo, Democratic Republic of the
KWZ;Congo, Democratic Republic of the
KOO;Congo, Democratic Republic of the
KLI;Congo, Democratic Republic of the
LIE;Congo, Democratic Republic of the
LIQ;Congo, Democratic Republic of the
LJA;Congo, Democratic Republic of the
FBM;Congo, Democratic Republic of the
LZA;Congo, Democratic Republic of the
LZI;Congo, Democratic Republic of the
LBO;Congo, Democratic Republic of the
LUS;Congo, Democratic Republic of the
MNO;Congo, Democratic Republic of the
MSM;Congo, Democratic Republic of the
MAT;Congo, Democratic Republic of the
MDK;Congo, Democratic Republic of the
MJM;Congo, Democratic Republic of the
BDV;Congo, Democratic Republic of the
MEW;Congo, Democratic Republic of the
NIO;Congo, Democratic Republic of the
PUN;Congo, Democratic Republic of the
PWO;Congo, Democratic Republic of the
TSH;Congo, Democratic Republic of the
BTB;Congo, Republic of
BOE;Congo, Republic of
BZV;Congo, Republic of
DJM;Congo, Republic of
DIS;Congo, Republic of
EWO;Congo, Republic of
ION;Congo, Republic of
KEE;Congo, Republic of
KNJ;Congo, Republic of
LCO;Congo, Republic of
KMK;Congo, Republic of
MKJ;Congo, Republic of
MSX;Congo, Republic of
MUY;Congo, Republic of
NKY;Congo, Republic of
OUE;Congo, Republic of
FTX;Congo, Republic of
PNR;Congo, Republic of
SIB;Congo, Republic of
SOE;Congo, Republic of
ANJ;Congo, Republic of
AIT;Cook Islands
MUK;Cook Islands
PYE;Cook Islands
RAR;Cook Islands
BCL;Costa Rica
BAI;Costa Rica
RIK;Costa Rica
OTR;Costa Rica
DRK;Costa Rica
GLF;Costa Rica
GPL;Costa Rica
FON;Costa Rica
LIR;Costa Rica
LIO;Costa Rica
LSL;Costa Rica
NOM;Costa Rica
PMZ;Costa Rica
PJM;Costa Rica
PBP;Costa Rica
XQP;Costa Rica
SYQ;Costa Rica
SJO;Costa Rica
TNO;Costa Rica
TMU;Costa Rica
TTQ;Costa Rica
UPL;Costa Rica
BWK;Croatia
DBV;Croatia
OSI;Croatia
PUY;Croatia
RJK;Croatia
SPU;Croatia
ZAD;Croatia
ZAG;Croatia
BCA;Cuba
BYM;Cuba
CMW;Cuba
CCC;Cuba
CYO;Cuba
AVI;Cuba
CFG;Cuba
GAO;Cuba
HAV;Cuba
HOG;Cuba
SZJ;Cuba
VRO;Cuba
VTU;Cuba
MZO;Cuba
MOA;Cuba
ICR;Cuba
GER;Cuba
LCL;Cuba
QPD;Cuba
QSN;Cuba
SNU;Cuba
SCU;Cuba
TND;Cuba
VRA;Cuba
LCA;Cyprus
ECN;Cyprus
PFO;Cyprus
BRQ;Czech Republic
KLV;Czech Republic
OSR;Czech Republic
PED;Czech Republic
PRG;Czech Republic
UHE;Czech Republic
AAL;Denmark
AAR;Denmark
BLL;Denmark
RKE;Denmark
CPH;Denmark
EBJ;Denmark
KRP;Denmark
ODE;Denmark
RNN;Denmark
SGD;Denmark
STA;Denmark
TED;Denmark
JIB;Djibouti
DOM;Dominica
DCF;Dominica
BRX;Dominican Republic
COZ;Dominican Republic
LRM;Dominican Republic
CBJ;Dominican Republic
POP;Dominican Republic
PUJ;Dominican Republic
SDQ;Dominican Republic
SNX;Dominican Republic
EPS;Dominican Republic
SJM;Dominican Republic
STI;Dominican Republic
HEX;Dominican Republic
SLI;Dominican Republic
DIL;East Timor (Timor-Leste)
MPT;East Timor (Timor-Leste)
ATF;Ecuador
GPS;Ecuador
GPS;Ecuador
OCC;Ecuador
CUE;Ecuador
GYE;Ecuador
MRR;Ecuador
XMS;Ecuador
MCH;Ecuador
MEC;Ecuador
LGQ;Ecuador
PVO;Ecuador
UIO;Ecuador
SNC;Ecuador
SCY;Ecuador
BHA;Ecuador
PTZ;Ecuador
SUQ;Ecuador
ESM;Ecuador
TSC;Ecuador
TPC;Ecuador
TPN;Ecuador
TUA;Ecuador
ABS;Egypt
HBE;Egypt
ALY;Egypt
ASW;Egypt
ATZ;Egypt
CAI;Egypt
DAK;Egypt
AAC;Egypt
UVL;Egypt
ELT;Egypt
HRG;Egypt
LXR;Egypt
RMF;Egypt
MUH;Egypt
PSD;Egypt
GSQ;Egypt
SSH;Egypt
SKV;Egypt
TCP;Egypt
BSG;Equatorial Guinea
SSG;Equatorial Guinea
KDL;Estonia
URE;Estonia
EPU;Estonia
TLL;Estonia
TAY;Estonia
ADD;Ethiopia
AMH;Ethiopia
ASO;Ethiopia
AWA;Ethiopia
AXU;Ethiopia
BCO;Ethiopia
BJR;Ethiopia
BEI;Ethiopia
DBM;Ethiopia
DBT;Ethiopia
DEM;Ethiopia
DSE;Ethiopia
DIR;Ethiopia
FNH;Ethiopia
GMB;Ethiopia
GNN;Ethiopia
GOB;Ethiopia
GDQ;Ethiopia
GOR;Ethiopia
HUE;Ethiopia
JIM;Ethiopia
ABK;Ethiopia
LLI;Ethiopia
MZX;Ethiopia
MKS;Ethiopia
MQX;Ethiopia
NDM;Ethiopia
ETE;Ethiopia
MTF;Ethiopia
NEJ;Ethiopia
NEK;Ethiopia
SKR;Ethiopia
SXU;Ethiopia
TIE;Ethiopia
WAC;Ethiopia
MPN;Falkland Islands (UK)
FAE;Faroe Islands (Denmark)
LBS;Fiji
NAN;Fiji
SUV;Fiji
RTA;Fiji
ENF;Finland
HEM;Finland
HEL;Finland
HYV;Finland
IVL;Finland
JOE;Finland
JYV;Finland
KAJ;Finland
KHJ;Finland
KAU;Finland
KEM;Finland
KTQ;Finland
KTT;Finland
KOK;Finland
KUO;Finland
KAO;Finland
LPP;Finland
MHQ;Finland
MIK;Finland
OUL;Finland
POR;Finland
RVN;Finland
SVL;Finland
SJY;Finland
SOT;Finland
TMP;Finland
TKU;Finland
VAA;Finland
VRK;Finland
YLI;Finland
XAB;France
AGF;France
AJA;France
LBI;France
ANE;France
ANG;France
NCY;France
QRV;France
OBS;France
AUC;France
AUR;France
XXG;France
AUF;France
AVN;France
MLH;France
BIA;France
BVA;France
EGC;France
QBQ;France
BZR;France
BIQ;France
XBQ;France
BOD;France
BOU;France
BES;France
BVE;France
CFR;France
ZAO;France
CQF;France
CLY;France
CEQ;France
CCF;France
DCM;France
CMF;France
CHR;France
CER;France
CET;France
CFE;France
CNG;France
CMR;France
CVF;France
CSF;France
DOL;France
DPE;France
DIJ;France
DNR;France
DLE;France
EPL;France
EVX;France
FSC;France
GAT;France
GFR;France
GNB;France
IDY;France
EDM;France
LRH;France
LBY;France
LAI;France
LVA;France
CTT;France
LEH;France
LME;France
LPY;France
LTQ;France
LIL;France
LIG;France
LRT;France
LYN;France
LYS;France
MRS;France
MVV;France
MEN;France
MFX;France
HZB;France
MZM;France
ETZ;France
MCU;France
MPL;France
MXN;France
ENC;France
NTE;France
NVS;France
NCE;France
NIT;France
ORE;France
CDG;France
LBG;France
ORY;France
PUF;France
PGX;France
PGF;France
PIS;France
POX;France
PRP;France
UIP;France
RHE;France
RNS;France
RNE;France
RCO;France
RDZ;France
URO;France
RYN;France
SOZ;France
SBK;France
EBU;France
SNR;France
SXB;France
LDE;France
TLS;France
TUF;France
TNF;France
VAF;France
VNE;France
VHY;France
VTL;France
VTL;France
CAY;French Guiana
BOB;French Polynesia
RFP;French Polynesia
RGI;French Polynesia
BMM;Gabon
BGB;Gabon
FOU;Gabon
MVB;Gabon
LBQ;Gabon
LTL;Gabon
LBV;Gabon
MKU;Gabon
MYB;Gabon
MBC;Gabon
MKB;Gabon
MVX;Gabon
MZC;Gabon
MGX;Gabon
MFF;Gabon
MJL;Gabon
KDN;Gabon
OKN;Gabon
OMB;Gabon
OYE;Gabon
POG;Gabon
ZKM;Gabon
TCH;Gabon
BJL;Gambia
SUI;Georgia
TBS;Georgia
TBS;Georgia
AGB;Germany
BBH;Germany
BYU;Germany
TXL;Germany
BER;Germany
SXF;Germany
BFE;Germany
BMK;Germany
BWE;Germany
BRE;Germany
BRV;Germany
SGE;Germany
PAD;Germany
HEI;Germany
KSF;Germany
DTM;Germany
DRS;Germany
DUS;Germany
EME;Germany
ERF;Germany
ESS;Germany
FRA;Germany
FDH;Germany
FMO;Germany
HHN;Germany
HAM;Germany
XFW;Germany
HAJ;Germany
HGL;Germany
HDF;Germany
HOQ;Germany
JUI;Germany
KEL;Germany
CGN;Germany
RLG;Germany
LHA;Germany
LEJ;Germany
LBC;Germany
CSO;Germany
IGS;Germany
MHG;Germany
WVN;Germany
FMM;Germany
MGL;Germany
MUC;Germany
AOC;Germany
NRD;Germany
FCN;Germany
NUE;Germany
SZW;Germany
FKB;Germany
SCN;Germany
STR;Germany
FNB;Germany
AGE;Germany
NRN;Germany
OBI;Germany
GWT;Germany
OHR;Germany
HDF;Germany
ACC;Ghana
KMS;Ghana
NYI;Ghana
TKD;Ghana
TML;Ghana
GIB;Gibraltar (UK)
VOL;Greece
AXD;Greece
GPA;Greece
JTY;Greece
ATH;Greece
CHQ;Greece
JKH;Greece
CFU;Greece
HER;Greece
JIK;Greece
IOA;Greece
KLX;Greece
AOK;Greece
KSJ;Greece
KZS;Greece
KSO;Greece
KVA;Greece
EFL;Greece
KGS;Greece
KZI;Greece
KIT;Greece
LXS;Greece
MLO;Greece
JMK;Greece
MJT;Greece
JNX;Greece
PAS;Greece
PVK;Greece
RHO;Greece
SMI;Greece
JTR;Greece
JSH;Greece
JSI;Greece
SKU;Greece
JSY;Greece
SKG;Greece
ZTH;Greece
JEG;Greenland (Denmark)
AGM;Greenland (Denmark)
DUN;Greenland (Denmark)
JAV;Greenland (Denmark)
OBY;Greenland (Denmark)
QPW;Greenland (Denmark)
SFJ;Greenland (Denmark)
KUS;Greenland (Denmark)
JNN;Greenland (Denmark)
JNS;Greenland (Denmark)
UAK;Greenland (Denmark)
CNP;Greenland (Denmark)
GOH;Greenland (Denmark)
JFR;Greenland (Denmark)
NAQ;Greenland (Denmark)
THU;Greenland (Denmark)
JCH;Greenland (Denmark)
JGO;Greenland (Denmark)
JHS;Greenland (Denmark)
JUV;Greenland (Denmark)
UMD;Greenland (Denmark)
GND;Grenada
BBR;Guadeloupe - French Antilles
GBJ;Guadeloupe - French Antilles
DSD;Guadeloupe - French Antilles
PTP;Guadeloupe - French Antilles
SBH;Guadeloupe - French Antilles
SFC;Guadeloupe - French Antilles
SFG;Guadeloupe - French Antilles
LSS;Guadeloupe - French Antilles
GUM;Guam (USA)
CMM;Guatemala
CTF;Guatemala
CBV;Guatemala
FRS;Guatemala
GUA;Guatemala
HUG;Guatemala
MCR;Guatemala
PON;Guatemala
PBR;Guatemala
AAZ;Guatemala
AQB;Guatemala
RER;Guatemala
RUV;Guatemala
BKJ;Guinea
CKY;Guinea
FAA;Guinea
FIG;Guinea
KNN;Guinea
KSI;Guinea
SBI;Guinea
LEK;Guinea
MCA;Guinea
NZE;Guinea
GII;Guinea
OXB;Guinea Bissau
AHL;Guyana
NAI;Guyana
GEO;Guyana
IMB;Guyana
KAR;Guyana
KRM;Guyana
KTO;Guyana
LTM;Guyana
LUB;Guyana
MHA;Guyana
ORJ;Guyana
CAP;Haiti
JAK;Haiti
JEE;Haiti
PAX;Haiti
PAP;Haiti
CAA;Honduras
LCE;Honduras
LEZ;Honduras
PEU;Honduras
RTB;Honduras
SAP;Honduras
TGU;Honduras
TEA;Honduras
BUD;Hungary
DEB;Hungary
QGY;Hungary
MCQ;Hungary
SOB;Hungary
AEY;Iceland
BLO;Iceland
EGS;Iceland
HFN;Iceland
IFJ;Iceland
KEF;Iceland
NOR;Iceland
PFJ;Iceland
TEY;Iceland
RFN;Iceland
RKV;Iceland
THO;Iceland
SAK;Iceland
SIJ;Iceland
SYK;Iceland
VEY;Iceland
IXA;India
AGX;India
AGR;India
AMD;India
AJL;India
AKD;India
IXD;India
ATQ;India
IXU;India
IXB;India
RGH;India
BLR;India
IXG;India
BHU;India
BHO;India
BBI;India
BHJ;India
KUU;India
IXC;India
MAA;India
CJB;India
COH;India
GOI;India
DED;India
DIB;India
DMU;India
DIU;India
GAY;India
GOP;India
GAU;India
GWL;India
HBX;India
HYD;India
IMF;India
IDR;India
JLR;India
JGB;India
JAI;India
JSA;India
IXJ;India
JGA;India
IXW;India
JDH;India
JRH;India
CDP;India
IXH;India
IXY;India
DHM;India
KNU;India
IXK;India
HJR;India
COK;India
KLH;India
CCU;India
KTU;India
CCJ;India
IXL;India
LKO;India
LUH;India
IXM;India
LDA;India
IXE;India
BOM;India
MZU;India
MYQ;India
NAG;India
NDC;India
DEL;India
IXI;India
PGH;India
IXT;India
PAT;India
PNY;India
PBD;India
IXZ;India
PNQ;India
PUI;India
BEK;India
RPR;India
RJA;India
RAJ;India
IXR;India
RRK;India
RUP;India
SXV;India
SHL;India
SLV;India
IXS;India
SSE;India
SXR;India
STV;India
TEZ;India
TEI;India
TRV;India
TCR;India
TRZ;India
TIR;India
UDR;India
BDQ;India
VNS;India
VGA;India
VTZ;India
ZER;India
AMQ;Indonesia
BPN;Indonesia
BTJ;Indonesia
TKG;Indonesia
BDO;Indonesia
BDJ;Indonesia
BTH;Indonesia
BIK;Indonesia
CGK;Indonesia
DPS;Indonesia
HLP;Indonesia
DJJ;Indonesia
KDI;Indonesia
PDG;Indonesia
KOE;Indonesia
UPG;Indonesia
MDC;Indonesia
AMI;Indonesia
MES;Indonesia
PKY;Indonesia
PLM;Indonesia
PLW;Indonesia
PKU;Indonesia
PNK;Indonesia
SRI;Indonesia
SRG;Indonesia
SUB;Indonesia
SOC;Indonesia
TNJ;Indonesia
TRK;Indonesia
JOG;Indonesia
ABD;Iran
AWZ;Iran
ADU;Iran
YEH;Iran
BXR;Iran
BND;Iran
BDH;Iran
XBJ;Iran
BJB;Iran
BUZ;Iran
ZBR;Iran
IFN;Iran
HDM;Iran
KER;Iran
KSH;Iran
KHK;Iran
KHD;Iran
KIH;Iran
LVP;Iran
MRX;Iran
MHD;Iran
RJN;Iran
RZR;Iran
RAS;Iran
SDG;Iran
CKT;Iran
SRY;Iran
SYZ;Iran
SYJ;Iran
SXI;Iran
TCX;Iran
TBZ;Iran
IKA;Iran
THR;Iran
AZD;Iran
ACZ;Iran
ZAH;Iran
EBL;Iraq
ISU;Iraq
GWY;Ireland
CFN;Ireland
ORK;Ireland
DUB;Ireland
KIR;Ireland
NNR;Ireland
NOC;Ireland
SNN;Ireland
SXL;Ireland
WAT;Ireland
BEV;Israel
ETH;Israel
EIY;Israel
HFA;Israel
MTZ;Israel
MIP;Israel
VDA;Israel
KSW;Israel
RPN;Israel
SDV;Israel
TLV;Israel
ALL;Italy
AHO;Italy
AOI;Italy
AOT;Italy
BRI;Italy
BLX;Italy
BGY;Italy
BLQ;Italy
BZO;Italy
VBS;Italy
BDS;Italy
CAG;Italy
UDN;Italy
CTA;Italy
CRV;Italy
CUF;Italy
FLR;Italy
FOG;Italy
FRL;Italy
GOA;Italy
GRS;Italy
SUF;Italy
LMP;Italy
QLT;Italy
LCC;Italy
LCV;Italy
EBA;Italy
MXP;Italy
LIN;Italy
NAP;Italy
OLB;Italy
PMO;Italy
PNL;Italy
PMF;Italy
PEG;Italy
PSR;Italy
PSA;Italy
RAN;Italy
REG;Italy
RMI;Italy
FCO;Italy
CIA;Italy
TRS;Italy
SAY;Italy
TAR;Italy
TTB;Italy
TPS;Italy
TSF;Italy
TRN;Italy
VCE;Italy
VRN;Italy
VIC;Italy
OGO;Ivory Coast
ABJ;Ivory Coast
BDK;Ivory Coast
BYK;Ivory Coast
BQO;Ivory Coast
BXI;Ivory Coast
DJO;Ivory Coast
DIM;Ivory Coast
FEK;Ivory Coast
BBV;Ivory Coast
GGO;Ivory Coast
HGO;Ivory Coast
MJC;Ivory Coast
KEO;Ivory Coast
OFI;Ivory Coast
SPY;Ivory Coast
ZSS;Ivory Coast
TXU;Ivory Coast
TOZ;Ivory Coast
ASK;Ivory Coast
KIN;Jamaica
MBJ;Jamaica
NKM;Japan
NGO;Japan
ONJ;Japan
AXT;Japan
AOJ;Japan
NRT;Japan
MYJ;Japan
FKJ;Japan
FUK;Japan
KKJ;Japan
FKS;Japan
HIJ;Japan
HKD;Japan
WKJ;Japan
OBO;Japan
OIR;Japan
SHB;Japan
KUH;Japan
CTS;Japan
MMB;Japan
RIS;Japan
AKJ;Japan
MBE;Japan
RBJ;Japan
UKB;Japan
ITM;Japan
NTQ;Japan
HNA;Japan
TAK;Japan
KKX;Japan
KOJ;Japan
ASJ;Japan
KUM;Japan
OKE;Japan
RNJ;Japan
TNE;Japan
TKN;Japan
KCZ;Japan
KMJ;Japan
SDJ;Japan
KMI;Japan
MMJ;Japan
IKI;Japan
NGS;Japan
FUJ;Japan
TSJ;Japan
KIJ;Japan
SDS;Japan
OIT;Japan
OKJ;Japan
AGJ;Japan
SHI;Japan
MMD;Japan
IEJ;Japan
OKA;Japan
MMY;Japan
KJP;Japan
UEO;Japan
HTR;Japan
KTD;Japan
OGN;Japan
ISG;Japan
TRA;Japan
KIX;Japan
HSG;Japan
IWJ;Japan
IZO;Japan
OKI;Japan
MYE;Japan
HND;Japan
OIM;Japan
HAC;Japan
TTJ;Japan
TOY;Japan
SHM;Japan
SYO;Japan
GAJ;Japan
UBJ;Japan
ADJ;Jordan
AMM;Jordan
AQJ;Jordan
AKX;Kazakhstan
ALA;Kazakhstan
TSE;Kazakhstan
GUW;Kazakhstan
BXH;Kazakhstan
KGF;Kazakhstan
KSN;Kazakhstan
URA;Kazakhstan
DZN;Kazakhstan
ASV;Kenya
EDL;Kenya
EYS;Kenya
GAS;Kenya
HOA;Kenya
FER;Kenya
KEY;Kenya
ILU;Kenya
KIS;Kenya
KTL;Kenya
LAU;Kenya
LOK;Kenya
LOY;Kenya
MYD;Kenya
NDE;Kenya
RBT;Kenya
MBA;Kenya
OYL;Kenya
WIL;Kenya
NBO;Kenya
NUU;Kenya
NYK;Kenya
NYE;Kenya
UAS;Kenya
WJR;Kenya
BBG;Kiribati
CIS;Kiribati
CXI;Kiribati
TRW;Kiribati
KWI;Kuwait
FRU;Kyrgyzstan
OSS;Kyrgyzstan
AOU;Laos
OUI;Laos
LXG;Laos
LPQ;Laos
ODY;Laos
PKZ;Laos
NEU;Laos
VNA;Laos
ZVK;Laos
ZBY;Laos
THK;Laos
VTE;Laos
XKH;Laos
LPX;Latvia
RIX;Latvia
VTS;Latvia
BEY;Lebanon
KYE;Lebanon
LRB;Lesotho
MFC;Lesotho
MSU;Lesotho
MKH;Lesotho
UNE;Lesotho
SHK;Lesotho
SOK;Lesotho
UCN;Liberia
NIA;Liberia
SNI;Liberia
CPA;Liberia
ROB;Liberia
MLW;Liberia
THC;Liberia
BEN;Libya
HUQ;Libya
AKF;Libya
LMQ;Libya
SEB;Libya
TIP;Libya
LUX;Luxembourg
OHD;Macedonia
OHD;Macedonia
SKP;Macedonia
SKP;Macedonia
IVA;Madagascar
WAM;Madagascar
AMB;Madagascar
AMP;Madagascar
HVA;Madagascar
ZWA;Madagascar
JVA;Madagascar
WAK;Madagascar
ANM;Madagascar
TNR;Madagascar
WAQ;Madagascar
ATJ;Madagascar
DIE;Madagascar
WAI;Madagascar
WBD;Madagascar
OVA;Madagascar
BMD;Madagascar
WBO;Madagascar
BPY;Madagascar
RVA;Madagascar
WFI;Madagascar
IHO;Madagascar
ILK;Madagascar
MJN;Madagascar
VVB;Madagascar
MXT;Madagascar
WML;Madagascar
WVK;Madagascar
WMR;Madagascar
MNJ;Madagascar
WMD;Madagascar
WMA;Madagascar
MJA;Madagascar
WMN;Madagascar
ZVA;Madagascar
TVA;Madagascar
MXM;Madagascar
MOQ;Madagascar
NOS;Madagascar
WPB;Madagascar
SMS;Madagascar
SVB;Madagascar
DWB;Madagascar
WTA;Madagascar
TDV;Madagascar
TMM;Madagascar
FTU;Madagascar
TLE;Madagascar
TTS;Madagascar
WTS;Madagascar
VAT;Madagascar
VOH;Madagascar
BLZ;Malawi
CEH;Malawi
CMK;Malawi
DWA;Malawi
KGJ;Malawi
KBQ;Malawi
LIX;Malawi
LLW;Malawi
MAI;Malawi
MYZ;Malawi
ZZU;Malawi
LMB;Malawi
AOR;Malaysia
BBN;Malaysia
BTU;Malaysia
BWH;Malaysia
IPH;Malaysia
JHB;Malaysia
KTE;Malaysia
KBR;Malaysia
BKI;Malaysia
SZB;Malaysia
KUL;Malaysia
TGG;Malaysia
KUA;Malaysia
KCH;Malaysia
LBU;Malaysia
LDU;Malaysia
LGK;Malaysia
LWY;Malaysia
MKZ;Malaysia
MUR;Malaysia
MYY;Malaysia
MKM;Malaysia
PEN;Malaysia
SDK;Malaysia
TPG;Malaysia
TWU;Malaysia
GAN;Maldives
HAQ;Maldives
KDO;Maldives
MLE;Maldives
BKO;Mali
GAQ;Mali
GUD;Mali
KYS;Mali
KNZ;Mali
KTX;Mali
MZI;Mali
NRM;Mali
NIX;Mali
KSS;Mali
TOM;Mali
EYL;Mali
MLA;Malta
ENT;Marshall Islands
UIT;Marshall Islands
KWA;Marshall Islands
MAJ;Marshall Islands
FDF;Martinique - French Antilles
AEO;Mauritania
AJJ;Mauritania
ATR;Mauritania
BGH;Mauritania
OTL;Mauritania
FGD;Mauritania
KED;Mauritania
KFA;Mauritania
MOM;Mauritania
EMN;Mauritania
NDB;Mauritania
NKC;Mauritania
SEY;Mauritania
THT;Mauritania
THI;Mauritania
TIY;Mauritania
TMD;Mauritania
OUZ;Mauritania
MRU;Mauritius
RRG;Mauritius
ACA;Mexico
AGU;Mexico
CPE;Mexico
CUN;Mexico
CTM;Mexico
CUU;Mexico
CME;Mexico
CJS;Mexico
CEN;Mexico
CVM;Mexico
CLQ;Mexico
CZM;Mexico
CVJ;Mexico
CUL;Mexico
DGO;Mexico
GDL;Mexico
GYM;Mexico
GUB;Mexico
HMO;Mexico
HUX;Mexico
ZIH;Mexico
JAL;Mexico
LAP;Mexico
LZC;Mexico
BJX;Mexico
LTO;Mexico
SJD;Mexico
LMM;Mexico
ZLO;Mexico
MAM;Mexico
MZT;Mexico
MID;Mexico
MXL;Mexico
MEX;Mexico
MTT;Mexico
LOV;Mexico
MTY;Mexico
MLM;Mexico
NLD;Mexico
OAX;Mexico
PDS;Mexico
PAZ;Mexico
PBC;Mexico
PXM;Mexico
PVR;Mexico
QRO;Mexico
REX;Mexico
SLW;Mexico
SLP;Mexico
TAM;Mexico
TAP;Mexico
TPQ;Mexico
TIJ;Mexico
TLC;Mexico
TRC;Mexico
TGZ;Mexico
UPN;Mexico
VER;Mexico
VSA;Mexico
ZCL;Mexico
ROR;Micronesia, Federated States of
KSA;Micronesia, Federated States of
PNI;Micronesia, Federated States of
ULI;Micronesia, Federated States of
TKK;Micronesia, Federated States of
YAP;Micronesia, Federated States of
KIV;Moldova
MCM;Monaco
LTI;Mongolia
AVK;Mongolia
UUN;Mongolia
BYN;Mongolia
UGA;Mongolia
COQ;Mongolia
ULN;Mongolia
TGD;Montenegro
TIV;Montenegro
AGA;Morocco
AHU;Morocco
CAS;Morocco
CMN;Morocco
ERH;Morocco
FEZ;Morocco
RAK;Morocco
OZZ;Morocco
OUD;Morocco
RBA;Morocco
SFI;Morocco
SII;Morocco
TTA;Morocco
TNG;Morocco
TTU;Morocco
ANO;Mozambique
BEW;Mozambique
VPY;Mozambique
FXO;Mozambique
INH;Mozambique
VXC;Mozambique
MPM;Mozambique
MZB;Mozambique
MNC;Mozambique
APL;Mozambique
POL;Mozambique
UEL;Mozambique
TET;Mozambique
VNX;Mozambique
NYU;Myanmar (Burma)
TVY;Myanmar (Burma)
GAW;Myanmar (Burma)
GWA;Myanmar (Burma)
HEH;Myanmar (Burma)
HOX;Myanmar (Burma)
PAA;Myanmar (Burma)
PPU;Myanmar (Burma)
KHM;Myanmar (Burma)
KAW;Myanmar (Burma)
KET;Myanmar (Burma)
KYP;Myanmar (Burma)
LSH;Myanmar (Burma)
LIW;Myanmar (Burma)
MWQ;Myanmar (Burma)
MGU;Myanmar (Burma)
MDL;Myanmar (Burma)
MNU;Myanmar (Burma)
MOE;Myanmar (Burma)
MGK;Myanmar (Burma)
MOG;Myanmar (Burma)
MGZ;Myanmar (Burma)
MYT;Myanmar (Burma)
NMS;Myanmar (Burma)
PKK;Myanmar (Burma)
BSX;Myanmar (Burma)
PAU;Myanmar (Burma)
PBU;Myanmar (Burma)
PRU;Myanmar (Burma)
AKY;Myanmar (Burma)
THL;Myanmar (Burma)
SNW;Myanmar (Burma)
RGN;Myanmar (Burma)
XYE;Myanmar (Burma)
ADI;Namibia
GFY;Namibia
MPA;Namibia
KMP;Namibia
LUD;Namibia
NNI;Namibia
OKF;Namibia
OND;Namibia
OMD;Namibia
NDU;Namibia
SWP;Namibia
TSB;Namibia
WVB;Namibia
WDH;Namibia
ERS;Namibia
INU;Nauru
BGL;Nepal
BIT;Nepal
BJH;Nepal
BJU;Nepal
BWA;Nepal
BHR;Nepal
BHP;Nepal
BIR;Nepal
DNP;Nepal
DAP;Nepal
DHI;Nepal
DOP;Nepal
GKH;Nepal
JKR;Nepal
JMO;Nepal
JUM;Nepal
KTM;Nepal
LDN;Nepal
LUA;Nepal
NGX;Nepal
MEY;Nepal
KEP;Nepal
PKR;Nepal
RJB;Nepal
RHP;Nepal
RUK;Nepal
RUM;Nepal
FEB;Nepal
SIF;Nepal
IMK;Nepal
SKH;Nepal
TMI;Nepal
AMS;Netherlands
ENS;Netherlands
GRQ;Netherlands
LEY;Netherlands
MST;Netherlands
RTM;Netherlands
BON;Netherlands Antilles
CUR;Netherlands Antilles
SAB;Netherlands Antilles
EUX;Netherlands Antilles
SXM;Netherlands Antilles
ILP;New Caledonia (France)
HLU;New Caledonia (France)
KNQ;New Caledonia (France)
KOC;New Caledonia (France)
LIF;New Caledonia (France)
MEE;New Caledonia (France)
NOU;New Caledonia (France)
GEA;New Caledonia (France)
UVE;New Caledonia (France)
TOU;New Caledonia (France)
ALR;New Zealand
ASG;New Zealand
AKL;New Zealand
BHE;New Zealand
CHT;New Zealand
CHC;New Zealand
DUD;New Zealand
GIS;New Zealand
GTN;New Zealand
GBZ;New Zealand
GMN;New Zealand
HLZ;New Zealand
HKK;New Zealand
IVC;New Zealand
KKO;New Zealand
KBZ;New Zealand
KAT;New Zealand
KKE;New Zealand
MRO;New Zealand
MTA;New Zealand
MFN;New Zealand
MON;New Zealand
NPE;New Zealand
NSN;New Zealand
NPL;New Zealand
OAM;New Zealand
OHA;New Zealand
PMR;New Zealand
PPQ;New Zealand
ZQN;New Zealand
RAG;New Zealand
ROT;New Zealand
TUO;New Zealand
TRG;New Zealand
TMZ;New Zealand
TIU;New Zealand
WIR;New Zealand
WKA;New Zealand
WAG;New Zealand
WLG;New Zealand
WSZ;New Zealand
WHK;New Zealand
WRE;New Zealand
BEF;Nicaragua
MGA;Nicaragua
PUZ;Nicaragua
AJY;Niger
MFQ;Niger
NIM;Niger
THZ;Niger
ZND;Niger
ABV;Nigeria
AKR;Nigeria
BNI;Nigeria
CBQ;Nigeria
ENU;Nigeria
IBA;Nigeria
ILR;Nigeria
JOS;Nigeria
KAD;Nigeria
KAN;Nigeria
LOS;Nigeria
MIU;Nigeria
MXJ;Nigeria
PHC;Nigeria
SKO;Nigeria
YOL;Nigeria
ZAR;Nigeria
FNJ;North Korea
ROP;Northern Mariana Islands
SPN;Northern Mariana Islands
AES;Norway
ALF;Norway
ANX;Norway
BDU;Norway
BJF;Norway
BGO;Norway
BVG;Norway
BOO;Norway
BNN;Norway
EVE;Norway
VDB;Norway
FAN;Norway
FRO;Norway
FDE;Norway
DLD;Norway
GLL;Norway
HMR;Norway
HFT;Norway
HAA;Norway
HAU;Norway
HVG;Norway
QKX;Norway
KKN;Norway
KRS;Norway
KSU;Norway
LKL;Norway
SRP;Norway
LKN;Norway
LYR;Norway
MEH;Norway
MQN;Norway
MOL;Norway
MJF;Norway
RYG;Norway
OSY;Norway
NVK;Norway
NTB;Norway
OLA;Norway
HOV;Norway
OSL;Norway
RRS;Norway
RVK;Norway
RET;Norway
SDN;Norway
TRF;Norway
SSJ;Norway
SKE;Norway
SOG;Norway
SOJ;Norway
SVG;Norway
TRD;Norway
SKN;Norway
SVJ;Norway
TOS;Norway
VDS;Norway
VAW;Norway
KHS;Oman
OMM;Oman
MSH;Oman
MCT;Oman
SLL;Oman
TTH;Oman
BHV;Pakistan
BNP;Pakistan
CHB;Pakistan
CJL;Pakistan
DBA;Pakistan
DEA;Pakistan
DSK;Pakistan
LYP;Pakistan
GIL;Pakistan
GWD;Pakistan
HDD;Pakistan
ISB;Pakistan
JIW;Pakistan
KHI;Pakistan
KDD;Pakistan
LHE;Pakistan
XJM;Pakistan
MJD;Pakistan
MUX;Pakistan
MFG;Pakistan
WNS;Pakistan
ORW;Pakistan
PJG;Pakistan
PAJ;Pakistan
PSI;Pakistan
PEW;Pakistan
UET;Pakistan
RYK;Pakistan
RAZ;Pakistan
SDT;Pakistan
SYW;Pakistan
SBQ;Pakistan
MPD;Pakistan
KDU;Pakistan
SUL;Pakistan
SKZ;Pakistan
TLB;Pakistan
TUK;Pakistan
PZH;Pakistan
ROR;Palau
BOC;Panama
CHX;Panama
ONX;Panama
DAV;Panama
JQE;Panama
PTY;Panama
GKA;Papua New Guinea
LAE;Papua New Guinea
MAG;Papua New Guinea
HGU;Papua New Guinea
POM;Papua New Guinea
RAB;Papua New Guinea
WWK;Papua New Guinea
ASU;Paraguay
ENO;Paraguay
ALD;Peru
ANS;Peru
ATA;Peru
AQP;Peru
AYP;Peru
BLP;Peru
CJA;Peru
CHH;Peru
CIX;Peru
CHM;Peru
CUZ;Peru
HUU;Peru
IBP;Peru
IQT;Peru
JAU;Peru
JJI;Peru
JUL;Peru
SYC;Peru
LIM;Peru
MBP;Peru
PIO;Peru
PIU;Peru
PCL;Peru
PEM;Peru
UMI;Peru
RIJ;Peru
RIM;Peru
SJA;Peru
SMG;Peru
TCQ;Peru
TYL;Peru
TPP;Peru
TGI;Peru
TRU;Peru
TBP;Peru
YMS;Peru
CRK;Philippines
BCD;Philippines
BGN;Philippines
BAG;Philippines
BQA;Philippines
BSO;Philippines
BPH;Philippines
SGS;Philippines
MPH;Philippines
USU;Philippines
BXU;Philippines
CGY;Philippines
CPP;Philippines
CYP;Philippines
CRM;Philippines
CYZ;Philippines
CEB;Philippines
CBO;Philippines
CYU;Philippines
DTE;Philippines
DVO;Philippines
DPL;Philippines
DGT;Philippines
MRQ;Philippines
GES;Philippines
SAA;Philippines
HIL;Philippines
IGN;Philippines
ILO;Philippines
IPE;Philippines
JOL;Philippines
KLO;Philippines
LAO;Philippines
LGP;Philippines
LLY;Philippines
LBX;Philippines
MLP;Philippines
CGM;Philippines
MBO;Philippines
MNL;Philippines
CDY;Philippines
MBT;Philippines
MXI;Philippines
WNP;Philippines
OMC;Philippines
OZC;Philippines
PAG;Philippines
PPS;Philippines
RXS;Philippines
SFE;Philippines
SJI;Philippines
EUQ;Philippines
SIA;Philippines
SFS;Philippines
AAV;Philippines
SUG;Philippines
TBH;Philippines
TAC;Philippines
TAG;Philippines
TDG;Philippines
TUG;Philippines
VGN;Philippines
VRC;Philippines
ZAM;Philippines
BZG;Poland
GDN;Poland
KRK;Poland
LCJ;Poland
POZ;Poland
KTW;Poland
RZE;Poland
SZZ;Poland
SZY;Poland
WAW;Poland
WRO;Poland
IEG;Poland
BGZ;Portugal
BGC;Portugal
CHV;Portugal
CBP;Portugal
CVU;Portugal
COV;Portugal
HOR;Portugal
FAO;Portugal
FLW;Portugal
FNC;Portugal
GRW;Portugal
PIX;Portugal
LIS;Portugal
PRM;Portugal
OPO;Portugal
PXO;Portugal
SMA;Portugal
SJZ;Portugal
PDL;Portugal
SIE;Portugal
VRL;Portugal
VSE;Portugal
BQN;Puerto Rico
ABO;Puerto Rico
FAJ;Puerto Rico
CPX;Puerto Rico
VQS;Puerto Rico
MAZ;Puerto Rico
PSE;Puerto Rico
SJU;Puerto Rico
SIG;Puerto Rico
DOH;Qatar
RUN;Reunion
ARW;Romania
BCM;Romania
BAY;Romania
BBU;Romania
OTP;Romania
CSB;Romania
CLJ;Romania
CND;Romania
CRA;Romania
IAS;Romania
OMR;Romania
SUJ;Romania
SBZ;Romania
SCV;Romania
TGM;Romania
TSR;Romania
TCE;Romania
ADH;Russia
AMV;Russia
DYR;Russia
AAQ;Russia
ARH;Russia
ASF;Russia
BAX;Russia
EGO;Russia
BQS;Russia
BTK;Russia
CSY;Russia
CEK;Russia
HTA;Russia
CKH;Russia
CNN;Russia
IKT;Russia
KGD;Russia
KZN;Russia
KEJ;Russia
KHV;Russia
KVX;Russia
KSZ;Russia
KRR;Russia
KJA;Russia
KYZ;Russia
GDX;Russia
GDG;Russia
MQF;Russia
MRV;Russia
MJZ;Russia
VKO;Russia
DME;Russia
SVO;Russia
MMK;Russia
NAL;Russia
NNM;Russia
NJC;Russia
GOJ;Russia
NSK;Russia
NOZ;Russia
OVB;Russia
OMS;Russia
REN;Russia
OSW;Russia
PEZ;Russia
PEE;Russia
PKC;Russia
PES;Russia
PWE;Russia
PYJ;Russia
PVS;Russia
PKV;Russia
ROV;Russia
LED;Russia
KUF;Russia
RTW;Russia
STW;Russia
SGC;Russia
SCW;Russia
UFA;Russia
UCT;Russia
UUD;Russia
OGZ;Russia
VVO;Russia
VOG;Russia
VOZ;Russia
YKS;Russia
SVX;Russia
UUS;Russia
BTQ;Rwanda
GYI;Rwanda
KME;Rwanda
KGL;Rwanda
RHG;Rwanda
SLU;Saint Lucia
UVF;Saint Lucia
FSP;Saint-Pierre and Miquelon
PCP;Sao Tome and Principe
TMS;Sao Tome and Principe
AHB;Saudi Arabia
HOF;Saudi Arabia
ABT;Saudi Arabia
AJF;Saudi Arabia
RAE;Saudi Arabia
BHH;Saudi Arabia
DMM;Saudi Arabia
DWD;Saudi Arabia
ELQ;Saudi Arabia
GIZ;Saudi Arabia
URY;Saudi Arabia
HAS;Saudi Arabia
JED;Saudi Arabia
HBT;Saudi Arabia
MED;Saudi Arabia
EAM;Saudi Arabia
EPA;Saudi Arabia
RAH;Saudi Arabia
RUH;Saudi Arabia
ESH;Saudi Arabia
TUU;Saudi Arabia
TIF;Saudi Arabia
TUI;Saudi Arabia
EWD;Saudi Arabia
EJH;Saudi Arabia
YNB;Saudi Arabia
BXE;Senegal
CSK;Senegal
DKR;Senegal
KLC;Senegal
KGG;Senegal
KDA;Senegal
MAX;Senegal
POD;Senegal
RDT;Senegal
SMY;Senegal
XLS;Senegal
TUD;Senegal
ZIG;Senegal
BEG;Serbia
INI;Serbia
QND;Serbia
QBG;Serbia
PRN;Serbia
ZZE;Serbia
QWV;Serbia
BDI;Seychelles
DEI;Seychelles
DES;Seychelles
FRK;Seychelles
PRI;Seychelles
SEZ;Seychelles
KBS;Sierra Leone
BTE;Sierra Leone
FNA;Sierra Leone
GBK;Sierra Leone
HGS;Sierra Leone
KBA;Sierra Leone
KEN;Sierra Leone
WYE;Sierra Leone
SIN;Singapore
BTS;Slovakia
KSC;Slovakia
PZY;Slovakia
TAT;Slovakia
SLD;Slovakia
ILZ;Slovakia
LJU;Slovenia
MBX;Slovenia
POW;Slovenia
HIR;Solomon Islands
MUA;Solomon Islands
ALU;Somalia
BBO;Somalia
BSA;Somalia
BUO;Somalia
CXN;Somalia
HCM;Somalia
ERA;Somalia
GLK;Somalia
GSR;Somalia
KMU;Somalia
MGQ;Somalia
CMO;Somalia
CMS;Somalia
ALJ;South Africa
BIY;South Africa
BFN;South Africa
CPT;South Africa
CDO;South Africa
DUR;South Africa
VIR;South Africa
ELS;South Africa
EMG;South Africa
FCB;South Africa
GRJ;South Africa
GIY;South Africa
GCJ;South Africa
HRS;South Africa
HLW;South Africa
HDS;South Africa
QRA;South Africa
JNB;South Africa
KIM;South Africa
KLZ;South Africa
KXE;South Africa
KOF;South Africa
KMH;South Africa
LAY;South Africa
SDB;South Africa
HLA;South Africa
LMR;South Africa
LCD;South Africa
MBD;South Africa
AAM;South Africa
LLE;South Africa
MGH;South Africa
NLP;South Africa
NCS;South Africa
OUH;South Africa
PHW;South Africa
PZB;South Africa
PTG;South Africa
NTY;South Africa
PBZ;South Africa
AFD;South Africa
PLZ;South Africa
PRY;South Africa
PRK;South Africa
UTW;South Africa
RVO;South Africa
RCB;South Africa
ROD;South Africa
ZEC;South Africa
SIS;South Africa
SZK;South Africa
SBU;South Africa
LTA;South Africa
ULD;South Africa
UTT;South Africa
UTN;South Africa
VRE;South Africa
VRU;South Africa
VYD;South Africa
WEL;South Africa
CJU;South Korea
CHF;South Korea
CJJ;South Korea
QUN;South Korea
ICN;South Korea
KAG;South Korea
KUV;South Korea
KWJ;South Korea
MPK;South Korea
OSN;South Korea
KPO;South Korea
PUS;South Korea
FNJ;South Korea
SSN;South Korea
SEL;South Korea
SHO;South Korea
SWU;South Korea
TAE;South Korea
USN;South Korea
WJU;South Korea
YEC;South Korea
RSU;South Korea
LCG;Spain
ABC;Spain
ALC;Spain
LEI;Spain
ACE;Spain
OVD;Spain
BJZ;Spain
BCN;Spain
BIO;Spain
JCU;Spain
ODB;Spain
VDE;Spain
FUE;Spain
GRO;Spain
GRX;Spain
TFS;Spain
IBZ;Spain
XRY;Spain
GMZ;Spain
TFN;Spain
SPC;Spain
LPA;Spain
LEN;Spain
RJL;Spain
TOJ;Spain
MAD;Spain
AGP;Spain
MLN;Spain
MAH;Spain
MJV;Spain
PMI;Spain
PNA;Spain
REU;Spain
QSA;Spain
SLM;Spain
EAS;Spain
SDR;Spain
SCQ;Spain
SVQ;Spain
VLC;Spain
VLL;Spain
VGO;Spain
VIT;Spain
ZAZ;Spain
ADP;Sri Lanka
BTC;Sri Lanka
CMB;Sri Lanka
RML;Sri Lanka
GOY;Sri Lanka
JAF;Sri Lanka
TRR;Sri Lanka
SVD;St. Vincent & Grenadines
UNI;St. Vincent & Grenadines
ATB;Sudan
DNX;Sudan
DOG;Sudan
ELF;Sudan
NUD;Sudan
EBD;Sudan
GSU;Sudan
EGN;Sudan
JUB;Sudan
KSL;Sudan
KRT;Sudan
KST;Sudan
MAK;Sudan
MWE;Sudan
NHF;Sudan
UYL;Sudan
PZU;Sudan
WHF;Sudan
WUU;Sudan
OEM;Suriname
ORG;Suriname
PBM;Suriname
MTS;Swaziland
AGH;Sweden
AJR;Sweden
BLE;Sweden
EKT;Sweden
GEV;Sweden
GVX;Sweden
GSE;Sweden
GOT;Sweden
HFS;Sweden
HAD;Sweden
HMV;Sweden
HUV;Sweden
HLF;Sweden
IDB;Sweden
JKG;Sweden
KLR;Sweden
KSK;Sweden
KSD;Sweden
KRN;Sweden
KRF;Sweden
KID;Sweden
LDK;Sweden
LPI;Sweden
LLA;Sweden
LYC;Sweden
MMX;Sweden
MXX;Sweden
NRK;Sweden
ORB;Sweden
OER;Sweden
OSK;Sweden
OSD;Sweden
PJA;Sweden
RNB;Sweden
SFT;Sweden
KVB;Sweden
SOO;Sweden
BMA;Sweden
NYO;Sweden
ARN;Sweden
SQO;Sweden
SDL;Sweden
EVG;Sweden
TYF;Sweden
THN;Sweden
UME;Sweden
VST;Sweden
VVK;Sweden
VXO;Sweden
VHM;Sweden
VBY;Sweden
BRN;Switzerland
GVA;Switzerland
LUG;Switzerland
SMV;Switzerland
SIR;Switzerland
ACH;Switzerland
ZRH;Switzerland
ALP;Syria
DAM;Syria
DEZ;Syria
KAC;Syria
LTK;Syria
PMS;Syria
KHH;Taiwan, Republic of China
TPE;Taiwan, Republic of China
TSA;Taiwan, Republic of China
DYU;Tajikistan
LBD;Tajikistan
ARK;Tanzania
BKZ;Tanzania
DAR;Tanzania
DOD;Tanzania
IRI;Tanzania
TKQ;Tanzania
JRO;Tanzania
KIY;Tanzania
LKY;Tanzania
LDI;Tanzania
MFA;Tanzania
XMI;Tanzania
MBI;Tanzania
MYW;Tanzania
MUZ;Tanzania
MWN;Tanzania
MWZ;Tanzania
NCH;Tanzania
JOM;Tanzania
PMA;Tanzania
SEU;Tanzania
SHY;Tanzania
SGX;Tanzania
SUT;Tanzania
TBO;Tanzania
TGT;Tanzania
ZNZ;Tanzania
BKK;Thailand
CNX;Thailand
CEI;Thailand
N/A;Thailand
QHI;Thailand
HDY;Thailand
HHQ;Thailand
USM;Thailand
KKC;Thailand
KBV;Thailand
LPT;Thailand
LOE;Thailand
HGN;Thailand
MAQ;Thailand
KOP;Thailand
NAK;Thailand
NST;Thailand
NNT;Thailand
NAW;Thailand
PAN;Thailand
UTP;Thailand
PHS;Thailand
PRH;Thailand
HKT;Thailand
UNN;Thailand
SNO;Thailand
SGZ;Thailand
THS;Thailand
URT;Thailand
TKT;Thailand
TST;Thailand
UBP;Thailand
UTH;Thailand
UTP;Thailand
UTR;Thailand
LFW;Togo
LRL;Togo
HPA;Tonga
NTT;Tonga
TBU;Tonga
VAV;Tonga
POS;Trinidad & Tobago
DJE;Tunesia
EBM;Tunesia
GAF;Tunesia
MIR;Tunesia
SFA;Tunesia
TBJ;Tunesia
TOE;Tunesia
TUN;Tunesia
ADA;Turkey
ADF;Turkey
AJI;Turkey
ESB;Turkey
AYT;Turkey
EDO;Turkey
BAL;Turkey
YEI;Turkey
CKZ;Turkey
DNZ;Turkey
DIY;Turkey
EZS;Turkey
ERC;Turkey
ERZ;Turkey
AOE;Turkey
GZT;Turkey
GZP;Turkey
ISE;Turkey
SAW;Turkey
IST;Turkey
ADB;Turkey
KCM;Turkey
KSY;Turkey
ASR;Turkey
KYA;Turkey
MLX;Turkey
MQM;Turkey
BJV;Turkey
DLM;Turkey
MSR;Turkey
NAV;Turkey
SZF;Turkey
SFQ;Turkey
SXZ;Turkey
VAS;Turkey
TEQ;Turkey
TZX;Turkey
VAN;Turkey
ASB;Turkmenistan
GDT;Turks & Caicos
FUN;Tuvalu
STX;US Virgin Islands
STT;US Virgin Islands
ABR;USA
ABI;USA
CAK;USA
ABY;USA
ALB;USA
ABQ;USA
AEX;USA
ABE;USA
APN;USA
AOO;USA
AMA;USA
ANC;USA
LHD;USA
MRI;USA
ANI;USA
ATW;USA
ACV;USA
DCA;USA
AVL;USA
ASE;USA
AHN;USA
ATL;USA
ACY;USA
AGS;USA
AUS;USA
BFL;USA
BWI;USA
BGR;USA
BHB;USA
BRW;USA
BTR;USA
BPT;USA
BED;USA
BLI;USA
BJI;USA
BET;USA
BIL;USA
BGM;USA
BHM;USA
BIS;USA
BMI;USA
BOI;USA
BOS;USA
BZN;USA
BRD;USA
BRO;USA
BQK;USA
BUF;USA
IFP;USA
BUR;USA
BTV;USA
BTM;USA
CRQ;USA
CPR;USA
CDC;USA
CID;USA
CMI;USA
IAD;USA
CHS;USA
CRW;USA
CVX;USA
CLT;USA
CHO;USA
CHA;USA
CYS;USA
MDW;USA
ORD;USA
CIC;USA
CKB;USA
CLE;USA
COD;USA
CLL;USA
COS;USA
COU;USA
CAE;USA
CSG;USA
GTR;USA
CMH;USA
CDV;USA
CRP;USA
CVG;USA
CEC;USA
DAL;USA
DFW;USA
DAY;USA
DAB;USA
SCC;USA
DEC;USA
DEN;USA
DSM;USA
DTW;USA
DLG;USA
DHN;USA
DUJ;USA
DBQ;USA
DLH;USA
DRO;USA
EGE;USA
EAU;USA
ELP;USA
EKO;USA
ELM;USA
ERI;USA
EUG;USA
EVV;USA
FAI;USA
FAR;USA
FMN;USA
XNA;USA
FAY;USA
FLG;USA
FNT;USA
FLO;USA
FLL;USA
RSW;USA
FSM;USA
FWA;USA
FAT;USA
FHR;USA
GNV;USA
GAL;USA
GCC;USA
GFK;USA
GJT;USA
GRR;USA
GTF;USA
GRB;USA
GSO;USA
PGV;USA
GSP;USA
GPT;USA
GUC;USA
HGR;USA
SUN;USA
HNM;USA
CMX;USA
HRL;USA
MDT;USA
PIB;USA
HDN;USA
HLN;USA
ITO;USA
HXD;USA
HOM;USA
HNL;USA
IAH;USA
EFD;USA
HOU;USA
HTS;USA
HSV;USA
HYA;USA
IDA;USA
IPL;USA
IND;USA
INL;USA
IYK;USA
ISP;USA
ITH;USA
JAN;USA
JAC;USA
JAX;USA
OAJ;USA
JHW;USA
JST;USA
JLN;USA
JNU;USA
OGG;USA
KOA;USA
AZO;USA
GPI;USA
MCI;USA
MKK;USA
ENA;USA
KTN;USA
EYW;USA
GRK;USA
AKN;USA
LMT;USA
TYS;USA
ADQ;USA
OTZ;USA
LSE;USA
LAF;USA
LFT;USA
LCH;USA
LNY;USA
LNS;USA
LAN;USA
LRD;USA
LAS;USA
VGT;USA
LBE;USA
LAW;USA
LWS;USA
LEX;USA
LIH;USA
LNK;USA
LIT;USA
LGB;USA
GGG;USA
LAX;USA
SDF;USA
LBB;USA
LYH;USA
MCN;USA
MSN;USA
MHT;USA
MHK;USA
MKT;USA
MWA;USA
SAW;USA
MCW;USA
MFE;USA
MFR;USA
MLB;USA
MEM;USA
MEI;USA
MIA;USA
MAF;USA
MKE;USA
MSP;USA
MOT;USA
MSO;USA
MOB;USA
MOD;USA
MLI;USA
MLU;USA
MRY;USA
MGM;USA
MTJ;USA
MGW;USA
CWA;USA
MKG;USA
MYR;USA
ACK;USA
APF;USA
BNA;USA
EWB;USA
EWN;USA
HVN;USA
MSY;USA
LGA;USA
JFK;USA
EWR;USA
SWF;USA
PHF;USA
OME;USA
ORF;USA
OTH;USA
OAK;USA
OKC;USA
OMA;USA
ONT;USA
SFB;USA
MCO;USA
OXR;USA
PAH;USA
PGA;USA
PSP;USA
PFN;USA
PKB;USA
PSC;USA
PLN;USA
PDT;USA
PNS;USA
PIA;USA
PSG;USA
PHL;USA
PHX;USA
PIR;USA
PIT;USA
PIH;USA
CLM;USA
PCW;USA
PWM;USA
PDX;USA
PSM;USA
PQI;USA
PVD;USA
PVC;USA
PUW;USA
UIN;USA
RDU;USA
RAP;USA
RDG;USA
RDD;USA
RDM;USA
RNO;USA
RHI;USA
RIC;USA
RIW;USA
ROA;USA
RST;USA
ROC;USA
RKD;USA
SMF;USA
MBS;USA
SBY;USA
SLC;USA
SJT;USA
SAT;USA
SAN;USA
SFO;USA
SJC;USA
SBP;USA
SNA;USA
SBA;USA
SAF;USA
SMX;USA
SRQ;USA
CIU;USA
SAV;USA
BFI;USA
SEA;USA
SHR;USA
SHV;USA
SDY;USA
SUX;USA
FSD;USA
SIT;USA
SBN;USA
GEG;USA
SPI;USA
SGF;USA
STC;USA
SGU;USA
STL;USA
PIE;USA
UNV;USA
SCK;USA
SYR;USA
TLH;USA
TPA;USA
TEX;USA
TXK;USA
TOL;USA
FOE;USA
TVC;USA
TTN;USA
TRI;USA
TUS;USA
TUL;USA
TUP;USA
GCN;USA
TWF;USA
TYR;USA
DUT;USA
VDZ;USA
VLD;USA
VPS;USA
VCT;USA
VCV;USA
MVY;USA
ACT;USA
ALW;USA
ALO;USA
EAT;USA
PBI;USA
HPN;USA
SPS;USA
ICT;USA
AVP;USA
IPT;USA
ILM;USA
BDL;USA
ORH;USA
YKM;USA
YAK;USA
YUM;USA
RUA;Uganda
EBB;Uganda
ULU;Uganda
JIN;Uganda
KSE;Uganda
KCU;Uganda
MBQ;Uganda
PAF;Uganda
SRT;Uganda
TRY;Uganda
DNK;Ukraine
DOK;Ukraine
IFO;Ukraine
HRK;Ukraine
IEV;Ukraine
KBP;Ukraine
KWG;Ukraine
LWO;Ukraine
NLV;Ukraine
ODS;Ukraine
RWN;Ukraine
SIP;Ukraine
UDJ;Ukraine
VIN;Ukraine
OZH;Ukraine
AZI;United Arab Emirates
AUH;United Arab Emirates
AAN;United Arab Emirates
DXB;United Arab Emirates
FJR;United Arab Emirates
RKT;United Arab Emirates
SHJ;United Arab Emirates
ABZ;United Kingdom
WRY;United Kingdom
ACI;United Kingdom
TRE;United Kingdom
BRR;United Kingdom
BWF;United Kingdom
QLA;United Kingdom
BHD;United Kingdom
BFS;United Kingdom
BEB;United Kingdom
BHX;United Kingdom
BLK;United Kingdom
BOH;United Kingdom
BRS;United Kingdom
BBS;United Kingdom
CBG;United Kingdom
CAL;United Kingdom
MSE;United Kingdom
CWL;United Kingdom
CAX;United Kingdom
CEG;United Kingdom
CVT;United Kingdom
LDY;United Kingdom
DND;United Kingdom
EMA;United Kingdom
EDI;United Kingdom
ENK;United Kingdom
EXT;United Kingdom
FAB;United Kingdom
FZO;United Kingdom
GLA;United Kingdom
PIK;United Kingdom
GCI;United Kingdom
HAW;United Kingdom
INV;United Kingdom
ILY;United Kingdom
IOM;United Kingdom
JER;United Kingdom
HUY;United Kingdom
KOI;United Kingdom
SCS;United Kingdom
LWK;United Kingdom
LPL;United Kingdom
LHR;United Kingdom
LTN;United Kingdom
STN;United Kingdom
BQH;United Kingdom
LCY;United Kingdom
LGW;United Kingdom
LYX;United Kingdom
MAN;United Kingdom
NCL;United Kingdom
NQY;United Kingdom
NRL;United Kingdom
ORM;United Kingdom
NWI;United Kingdom
NQT;United Kingdom
OXF;United Kingdom
PPW;United Kingdom
PSL;United Kingdom
PLH;United Kingdom
KRH;United Kingdom
RCS;United Kingdom
BBP;United Kingdom
SZE;United Kingdom
LSI;United Kingdom
ESH;United Kingdom
DSA;United Kingdom
SOU;United Kingdom
SEN;United Kingdom
LEQ;United Kingdom
ISC;United Kingdom
GLO;United Kingdom
SYY;United Kingdom
SWS;United Kingdom
MME;United Kingdom
UPV;United Kingdom
LBA;United Kingdom
WHS;United Kingdom
WIC;United Kingdom
ATI;Uruguay
CYR;Uruguay
DZO;Uruguay
PDP;Uruguay
MLZ;Uruguay
MVD;Uruguay
PDU;Uruguay
RVY;Uruguay
STY;Uruguay
TAW;Uruguay
TYT;Uruguay
VCH;Uruguay
BHK;Uzbekistan
SKD;Uzbekistan
TAS;Uzbekistan
TMJ;Uzbekistan
UGC;Uzbekistan
SON;Vanuatu
VLI;Vanuatu
AGV;Venezuela
AAO;Venezuela
BLA;Venezuela
BNS;Venezuela
BRM;Venezuela
CLZ;Venezuela
CAJ;Venezuela
VCR;Venezuela
CUP;Venezuela
CBL;Venezuela
CGU;Venezuela
CZE;Venezuela
CUM;Venezuela
EOR;Venezuela
VIG;Venezuela
EOZ;Venezuela
GUQ;Venezuela
GDO;Venezuela
GUI;Venezuela
ICA;Venezuela
KAV;Venezuela
LFR;Venezuela
CCS;Venezuela
MAR;Venezuela
PMV;Venezuela
MUN;Venezuela
MRD;Venezuela
PTM;Venezuela
PYH;Venezuela
PBL;Venezuela
SCI;Venezuela
SNF;Venezuela
SFD;Venezuela
SOM;Venezuela
SNV;Venezuela
STD;Venezuela
TUV;Venezuela
TMO;Venezuela
URM;Venezuela
VLN;Venezuela
VLV;Venezuela
VDP;Venezuela
BMV;Vietnam
CAH;Vietnam
VCA;Vietnam
VCS;Vietnam
DLI;Vietnam
DAD;Vietnam
DIN;Vietnam
HPH;Vietnam
HAN;Vietnam
SGN;Vietnam
HUI;Vietnam
CXR;Vietnam
PQC;Vietnam
PXU;Vietnam
UIH;Vietnam
VKG;Vietnam
SQH;Vietnam
TBB;Vietnam
VII;Vietnam
EAB;Yemen
ADE;Yemen
BUK;Yemen
AAY;Yemen
AXK;Yemen
BHN;Yemen
HOD;Yemen
MYN;Yemen
RIY;Yemen
UKR;Yemen
IHN;Yemen
SYE;Yemen
SAH;Yemen
GXF;Yemen
SCT;Yemen
TAI;Yemen
CIP;Zambia
KLB;Zambia
KMZ;Zambia
ZKB;Zambia
KAA;Zambia
ZKP;Zambia
KIW;Zambia
LVI;Zambia
LXU;Zambia
LUN;Zambia
MNS;Zambia
MFU;Zambia
MNR;Zambia
NLA;Zambia
ZGM;Zambia
SXG;Zambia
SLI;Zambia
BBZ;Zambia
BUQ;Zimbabwe
BFO;Zimbabwe
GWE;Zimbabwe
HRE;Zimbabwe
WKI;Zimbabwe
HWN;Zimbabwe
KAB;Zimbabwe
MVZ;Zimbabwe
UTA;Zimbabwe
VFA;Zimbabwe
