OABN;Afghanistan
OABT;Afghanistan
OAIX;Afghanistan
OACC;Afghanistan
OAFZ;Afghanistan
OAFR;Afghanistan
OAGZ;Afghanistan
OAHR;Afghanistan
OAJL;Afghanistan
OAKB;Afghanistan
OAKN;Afghanistan
OAKS;Afghanistan
OAHN;Afghanistan
OAUZ;Afghanistan
OAMN;Afghanistan
OAMS;Afghanistan
OASN;Afghanistan
OAZJ;Afghanistan
LATI;Albania
DAUA;Algeria
DAAG;Algeria
DABB;Algeria
DAAE;Algeria
DATM;Algeria
DAAD;Algeria
DABC;Algeria
DAAJ;Algeria
DAUE;Algeria
DAUO;Algeria
DAUG;Algeria
DAUH;Algeria
DATG;Algeria
DAUI;Algeria
DAAV;Algeria
DAOO;Algeria
DAUU;Algeria
DAAT;Algeria
DABS;Algeria
DAOB;Algeria
DAUT;Algeria
DAON;Algeria
DAUK;Algeria
DAUZ;Algeria
FNAM;Angola
FNBG;Angola
FNCA;Angola
FNHU;Angola
FNKU;Angola
FNLU;Angola
FNUB;Angola
FNUE;Angola
FNBC;Angola
FNMA;Angola
FNME;Angola
FNGI;Angola
FNZE;Angola
FNNG;Angola
FNPA;Angola
FNSA;Angola
FNSO;Angola
FNUG;Angola
FNWK;Angola
FNXA;Angola
TQPF;Anguilla
TAPH;Antigua and Barbuda
TAPA;Antigua and Barbuda
SAVR;Argentina
SAZB;Argentina
SAZS;Argentina
SABE;Argentina
SANC;Argentina
SAVC;Argentina
SACO;Argentina
SAVE;Argentina
SAEZ;Argentina
SARF;Argentina
SAZG;Argentina
SANL;Argentina
SAMM;Argentina
SAZM;Argentina
SAME;Argentina
SAAP;Argentina
SARP;Argentina
SARI;Argentina
SAVY;Argentina
SATR;Argentina
SARE;Argentina
SAOC;Argentina
SAWG;Argentina
SAWE;Argentina
SAAR;Argentina
SASA;Argentina
SADF;Argentina
SANU;Argentina
SAOU;Argentina
SAMR;Argentina
SAZR;Argentina
SANE;Argentina
SANT;Argentina
SAWH;Argentina
SAVV;Argentina
SAOR;Argentina
UGEE;Armenia
TNCA;Aruba (Netherlands)
YPAD;Australia
YABA;Australia
YMAY;Australia
YBAS;Australia
YAPH;Australia
YARA;Australia
YARM;Australia
YAVV;Australia
YBNS;Australia
YBNA;Australia
YBRN;Australia
YSBK;Australia
YBTH;Australia
YBTI;Australia
YBIE;Australia
YBLA;Australia
YBCK;Australia
YBTR;Australia
YBOU;Australia
YBKE;Australia
YBRW;Australia
YHOT;Australia
YBBN;Australia
YBHI;Australia
YBRM;Australia
YBUD;Australia
YWYY;Australia
YBLN;Australia
YBCS;Australia
YMHB;Australia
YSCN;Australia
YSCB;Australia
YCAR;Australia
YCDU;Australia
YBCV;Australia
YCCA;Australia
YPXM;Australia
YCMT;Australia
YCEE;Australia
YCCY;Australia
YCBA;Australia
YPCC;Australia
YCOE;Australia
YSCH;Australia
YCBR;Australia
YCBP;Australia
YBCG;Australia
YCOM;Australia
YCBB;Australia
YCNM;Australia
YCTM;Australia
YCOR;Australia
YCRG;Australia
YCWR;Australia
YCKI;Australia
YCUE;Australia
YPDN;Australia
YDLQ;Australia
YDBY;Australia
YDPO;Australia
YDBI;Australia
YSDU;Australia
YDYS;Australia
YECH;Australia
YELD;Australia
YEML;Australia
YESP;Australia
YMEN;Australia
YPLM;Australia
YFTZ;Australia
YFLI;Australia
YFBS;Australia
YFRT;Australia
YGEL;Australia
YGLA;Australia
YGLI;Australia
YGLB;Australia
YGFN;Australia
YGTH;Australia
YGTE;Australia
YGDH;Australia
YHLC;Australia
YHML;Australia
YBHM;Australia
YHAY;Australia
YHBA;Australia
YHPN;Australia
YHID;Australia
YHSM;Australia
YIVL;Australia
YPJT;Australia
YPKG;Australia
YPKA;Australia
YKMB;Australia
YKMP;Australia
YKER;Australia
YKII;Australia
YKRY;Australia
YKSC;Australia
YKOW;Australia
YPKU;Australia
YMLT;Australia
YLEC;Australia
YLST;Australia
YLEO;Australia
YLRD;Australia
YLIS;Australia
YLHR;Australia
YLRE;Australia
YLHI;Australia
YBMK;Australia
YMCO;Australia
YMGD;Australia
YMBA;Australia
YBMC;Australia
YSSY;Australia
YMEK;Australia
YSNB;Australia
YGPT;Australia
YMER;Australia
YMIA;Australia
YMMB;Australia
YMRB;Australia
YMOR;Australia
YMRY;Australia
YLTV;Australia
YMTG;Australia
YBMA;Australia
YMNE;Australia
YMOG;Australia
YMDG;Australia
YNBR;Australia
YNAR;Australia
YNRM;Australia
YWLM;Australia
YNWN;Australia
YPGV;Australia
YSNF;Australia
YNTN;Australia
YORG;Australia
YORB;Australia
YPBO;Australia
YPKS;Australia
YPAG;Australia
YPPD;Australia
YPKT;Australia
YPLC;Australia
YPMQ;Australia
YPIR;Australia
YPOD;Australia
YBPN;Australia
YQLP;Australia
YRED;Australia
YPPH;Australia
YREN;Australia
YROI;Australia
YBRK;Australia
YROM;Australia
YNGU;Australia
YRTI;Australia
YSGE;Australia
YWSL;Australia
YSHT;Australia
YSMI;Australia
YSPT;Australia
YSTH;Australia
YSWL;Australia
YSRN;Australia
YSWH;Australia
YSTW;Australia
YTRE;Australia
YTAM;Australia
YTEM;Australia
YTNK;Australia
YTNG;Australia
YTGM;Australia
YTIB;Australia
YTWB;Australia
YBTL;Australia
YMML;Australia
YTMU;Australia
YSWG;Australia
YWLG;Australia
YWGT;Australia
YWKB;Australia
YWRN;Australia
YBWP;Australia
YWWL;Australia
YWHA;Australia
YWLU;Australia
YWDH;Australia
YWTN;Australia
YWOL;Australia
YYNG;Australia
YAYE;Australia
LOWG;Austria
LOWL;Austria
LOWI;Austria
LOWK;Austria
LOWS;Austria
LOWW;Austria
UBBB;Azerbaijan
UBBG;Azerbaijan
MYAN;Bahamas
MYAB;Bahamas
MYAF;Bahamas
MYCA;Bahamas
MYBC;Bahamas
MYSM;Bahamas
MYCI;Bahamas
MYAK;Bahamas
MYLD;Bahamas
MYGF;Bahamas
MYEM;Bahamas
MYEF;Bahamas
MYBG;Bahamas
MYLS;Bahamas
MYAM;Bahamas
MYIG;Bahamas
MYMM;Bahamas
MYNN;Bahamas
MYCB;Bahamas
MYEN;Bahamas
MYEH;Bahamas
MYPI;Bahamas
MYER;Bahamas
MYBS;Bahamas
MYAP;Bahamas
MYES;Bahamas
MYAT;Bahamas
OBBI;Bahrain
VGBR;Bangladesh
VGEG;Bangladesh
VGCM;Bangladesh
VGCB;Bangladesh
VGHS;Bangladesh
VGJR;Bangladesh
VGRJ;Bangladesh
VGSD;Bangladesh
VGSY;Bangladesh
VGSG;Bangladesh
TBPB;Barbados
UMBB;Belarus
UMGG;Belarus
UMMG;Belarus
UMMS;Belarus
UMMM;Belarus
UMII;Belarus
EBAW;Belgium
EBBR;Belgium
EBCI;Belgium
EBKT;Belgium
EBLG;Belgium
EBOS;Belgium
MZBZ;Belize
DBBB;Benin
DBBK;Benin
DBBN;Benin
DBBP;Benin
TXKF;Bermuda
VQPR;Bhutan
SLAP;Bolivia
SLBJ;Bolivia
SLCA;Bolivia
SLCO;Bolivia
SLCB;Bolivia
SLCP;Bolivia
SLGY;Bolivia
SLLP;Bolivia
SLMG;Bolivia
SLAG;Bolivia
SLOR;Bolivia
SLPS;Bolivia
SLRY;Bolivia
SLRI;Bolivia
SLRB;Bolivia
SLRQ;Bolivia
SLSB;Bolivia
SLSM;Bolivia
SLSI;Bolivia
SLJV;Bolivia
SLJO;Bolivia
SLRA;Bolivia
SLVR;Bolivia
SLET;Bolivia
SLSU;Bolivia
SLTJ;Bolivia
SLTR;Bolivia
SLVG;Bolivia
SLVM;Bolivia
SLYA;Bolivia
LQBK;Bosnia-Hercegovina
LQMO;Bosnia-Hercegovina
LQSA;Bosnia-Hercegovina
LQTZ;Bosnia-Hercegovina
FBFT;Botsuana
FBSK;Botsuana
FBGZ;Botsuana
FBJW;Botsuana
FBKE;Botsuana
FBKR;Botsuana
FBMN;Botsuana
FBOR;Botsuana
FBSP;Botsuana
FBSW;Botsuana
FBTS;Botsuana
FBTL;Botsuana
SBAR;Brazil
SBBE;Brazil
SBCF;Brazil
SBBH;Brazil
SBBV;Brazil
SBBR;Brazil
SBKP;Brazil
SBCG;Brazil
SBCR;Brazil
SBCZ;Brazil
SBCY;Brazil
SBCT;Brazil
SBFL;Brazil
SBFZ;Brazil
SBFI;Brazil
SBGO;Brazil
SBIL;Brazil
SBIZ;Brazil
SBJP;Brazil
SBJV;Brazil
SBLO;Brazil
SBMQ;Brazil
SBMO;Brazil
SBEG;Brazil
SBMA;Brazil
SBMG;Brazil
SBNT;Brazil
SBNF;Brazil
SBPJ;Brazil
SBPP;Brazil
SBPA;Brazil
SBPS;Brazil
SBPV;Brazil
SBRF;Brazil
SBRP;Brazil
SBRB;Brazil
SBRJ;Brazil
SBGL;Brazil
SBSV;Brazil
SBSN;Brazil
SBSR;Brazil
SBSL;Brazil
SBSP;Brazil
SBGR;Brazil
SBTE;Brazil
SBUL;Brazil
SBVT;Brazil
TUPJ;British Virgin Islands
TUPW;British Virgin Islands
WBSB;Brunei Darussalam
LBBG;Bulgaria
LBGO;Bulgaria
LBPD;Bulgaria
LBSF;Bulgaria
LBWN;Bulgaria
DFOG;Burkina Faso
DFOB;Burkina Faso
DFOO;Burkina Faso
DFOD;Burkina Faso
DFEE;Burkina Faso
DFEF;Burkina Faso
DFEG;Burkina Faso
DFEL;Burkina Faso
DFON;Burkina Faso
DFFD;Burkina Faso
DFCC;Burkina Faso
DFET;Burkina Faso
HBBA;Burundi
HBBE;Burundi
HBBO;Burundi
VDBG;Cambodia
VDPP;Cambodia
VDSR;Cambodia
FKKU;Cameroon
FKKV;Cameroon
FKKI;Cameroon
FKKO;Cameroon
FKKD;Cameroon
FKKS;Cameroon
FKKW;Cameroon
FKKM;Cameroon
FKKR;Cameroon
FKKB;Cameroon
FKKF;Cameroon
FKKL;Cameroon
FKKN;Cameroon
FKKC;Cameroon
FKYS;Cameroon
FKKY;Cameroon
CZML;Canada
CYXX;Canada
CYKD;Canada
CYKO;Canada
CYAL;Canada
CYLT;Canada
CYTF;Canada
CYEY;Canada
CAJ4;Canada
CKB6;Canada
CYYW;Canada
CYEK;Canada
CYIB;Canada
CYAT;Canada
CYLA;Canada
CYBG;Canada
CYBC;Canada
CYBK;Canada
CZBF;Canada
CNE3;Canada
CYXQ;Canada
CYJQ;Canada
CYBD;Canada
CYBV;Canada
CYTL;Canada
CCE4;Canada
CZTA;Canada
CYVB;Canada
CYBF;Canada
CZBB;Canada
CYBR;Canada
CYBT;Canada
CNL3;Canada
CZBM;Canada
CAB5;Canada
CYVT;Canada
CYPZ;Canada
CYDB;Canada
CYYC;Canada
CYCB;Canada
CYBL;Canada
CYTE;Canada
CYCA;Canada
CYCG;Canada
CYAC;Canada
CYCE;Canada
CYLD;Canada
CYML;Canada
CYCL;Canada
CCH4;Canada
CYYG;Canada
CNZ3;Canada
CYCS;Canada
CYCQ;Canada
CYHR;Canada
CYMT;Canada
CYCW;Canada
CZUM;Canada
CYYQ;Canada
CJS3;Canada
CYCY;Canada
CYCN;Canada
CYOD;Canada
CYKC;Canada
CEB3;Canada
CYQQ;Canada
CYZS;Canada
CYCC;Canada
CYCT;Canada
CAH3;Canada
CYYM;Canada
CYXC;Canada
CYCR;Canada
CYDN;Canada
CCB4;Canada
CYDQ;Canada
CYDA;Canada
CYDL;Canada
CYDF;Canada
CYVZ;Canada
CYWJ;Canada
CYID;Canada
CYDO;Canada
CER3;Canada
CYHD;Canada
CAM3;Canada
CYXR;Canada
CZEM;Canada
CYEG;Canada
CYXD;Canada
CYET;Canada
CYEL;Canada
CYEN;Canada
CYEU;Canada
CYCZ;Canada
CEB5;Canada
CZFA;Canada
CYFO;Canada
CZFD;Canada
CYFC;Canada
CYFA;Canada
CYPY;Canada
CYAG;Canada
CYGH;Canada
CYFH;Canada
CYJF;Canada
CYMM;Canada
CZFM;Canada
CYYE;Canada
CZFN;Canada
CYFR;Canada
CYER;Canada
CYFS;Canada
CYSM;Canada
CYXJ;Canada
CYQX;Canada
CYGP;Canada
CYND;Canada
CYGQ;Canada
CYGX;Canada
CYGM;Canada
CYHK;Canada
CYGO;Canada
CZGI;Canada
CYYR;Canada
CYZE;Canada
CZGF;Canada
CEQ5;Canada
CYQU;Canada
CYZX;Canada
CYGZ;Canada
CYHT;Canada
CYHZ;Canada
CYAW;Canada
CYUX;Canada
CYHM;Canada
CJL2;Canada
CYGV;Canada
CYHY;Canada
CYHF;Canada
CYOJ;Canada
CZHP;Canada
CEC4;Canada
CYHI;Canada
CYHE;Canada
CYHO;Canada
CYHN;Canada
CYHB;Canada
CYNH;Canada
CYGT;Canada
CZUC;Canada
CYGR;Canada
CZBD;Canada
CYPH;Canada
CYEV;Canada
CYFB;Canada
CYIV;Canada
CYIK;Canada
CZJG;Canada
CYKA;Canada
CYLU;Canada
CYKG;Canada
CYAS;Canada
CYYU;Canada
CYAQ;Canada
CJL8;Canada
CZKE;Canada
CPV8;Canada
CYLW;Canada
CZEE;Canada
CYQK;Canada
CYKJ;Canada
CNS7;Canada
CYKY;Canada
CNM5;Canada
CYGK;Canada
CYKX;Canada
CYKF;Canada
CYCO;Canada
CYVP;Canada
CYGW;Canada
CYGL;Canada
CYVC;Canada
CSR8;Canada
CYLQ;Canada
CZWH;Canada
CYLB;Canada
CEM3;Canada
CYLH;Canada
CYLR;Canada
CSH4;Canada
CYQL;Canada
CZGR;Canada
CYLL;Canada
CYXU;Canada
CYYL;Canada
CFC4;Canada
CYFT;Canada
CYMG;Canada
CYEM;Canada
CYMW;Canada
CYSP;Canada
CYMH;Canada
CZMT;Canada
CYNM;Canada
CYME;Canada
CYMA;Canada
CYLJ;Canada
CYXH;Canada
CAD5;Canada
CYCH;Canada
CYQM;Canada
CYYY;Canada
CYMX;Canada
CYUL;Canada
CYMJ;Canada
CYMO;Canada
CYQA;Canada
CZMD;Canada
CYDP;Canada
CYQN;Canada
CYCD;Canada
CYSR;Canada
CYNA;Canada
CYHH;Canada
CYVQ;Canada
CYQW;Canada
CYYB;Canada
CYNE;Canada
CNT3;Canada
CYOC;Canada
CYOO;Canada
CYRO;Canada
CYOW;Canada
CYOS;Canada
CYOH;Canada
CYXP;Canada
CNK4;Canada
CYPC;Canada
CYPE;Canada
CYPO;Canada
CYBB;Canada
CYTA;Canada
CYYF;Canada
CYWA;Canada
CYPQ;Canada
CYPL;Canada
CYPM;Canada
CZMN;Canada
CZPC;Canada
CZPO;Canada
CYNL;Canada
CYIO;Canada
CZNG;Canada
CYZT;Canada
CYPD;Canada
CCP4;Canada
CAT5;Canada
CYPN;Canada
CYPG;Canada
CCD4;Canada
CYPW;Canada
CYPA;Canada
CYXS;Canada
CYPR;Canada
CZFG;Canada
CYPX;Canada
CYVM;Canada
CYHA;Canada
CYQB;Canada
CYQZ;Canada
CEV4;Canada
CYOP;Canada
CYRT;Canada
CYQF;Canada
CYRL;Canada
CYRS;Canada
CYQR;Canada
CYUT;Canada
CYRB;Canada
CYRV;Canada
CCZ2;Canada
CYXK;Canada
CYRI;Canada
CYRJ;Canada
CYRM;Canada
CYDM;Canada
CZRJ;Canada
CYUY;Canada
CZPB;Canada
CYSY;Canada
CYSJ;Canada
CYZG;Canada
CZAM;Canada
CYZP;Canada
CZSJ;Canada
CYSK;Canada
CYZR;Canada
CYXE;Canada
CYAM;Canada
CYKL;Canada
CAP3;Canada
CYZV;Canada
CZTM;Canada
CYSC;Canada
CYXL;Canada
CYZH;Canada
CYYD;Canada
CYSH;Canada
CZSN;Canada
CYSE;Canada
CYAY;Canada
CYSN;Canada
CYYT;Canada
CCK4;Canada
CYST;Canada
CYQS;Canada
CYIF;Canada
CYHU;Canada
CYJN;Canada
CYSL;Canada
CYJT;Canada
CZST;Canada
CYSF;Canada
CYSB;Canada
CYSD;Canada
CJV7;Canada
CYSU;Canada
CZJN;Canada
CYYN;Canada
CYQY;Canada
CYBQ;Canada
CYYH;Canada
CYTQ;Canada
CBM5;Canada
CYTJ;Canada
CYXT;Canada
CYZW;Canada
CYGB;Canada
CYQD;Canada
CZLQ;Canada
CYTH;Canada
CYQT;Canada
CYTS;Canada
CJY3;Canada
CYAZ;Canada
CYYZ;Canada
CYTZ;Canada
CYKZ;Canada
CYTR;Canada
CYRQ;Canada
CYUB;Canada
CBX7;Canada
CBX5;Canada
CYMU;Canada
CYBE;Canada
CYVO;Canada
CYVR;Canada
CYVG;Canada
CYVK;Canada
CYYJ;Canada
CYWK;Canada
CYKQ;Canada
CYQH;Canada
CYXZ;Canada
CYWP;Canada
CFJ2;Canada
CYNC;Canada
CYXN;Canada
CYZU;Canada
CYXY;Canada
CYVV;Canada
CCA6;Canada
CYWL;Canada
CYQG;Canada
CYWG;Canada
CZWL;Canada
CYWY;Canada
CKL3;Canada
CYQI;Canada
CYZF;Canada
CZAC;Canada
CYQV;Canada
GVFM;Cape Verde
GVMA;Cape Verde
GVSN;Cape Verde
GVBA;Cape Verde
GVSV;Cape Verde
GVAC;Cape Verde
MWCB;Cayman Islands
MWCR;Cayman Islands
FEFM;Central Africa
FEFG;Central Africa
FEFF;Central Africa
FEFT;Central Africa
FEFI;Central Africa
FEFS;Central Africa
FEFO;Central Africa
FEGZ;Central Africa
FEFR;Central Africa
FEFN;Central Africa
FEFB;Central Africa
FEFY;Central Africa
FEFZ;Central Africa
FTTC;Chad
FTTN;Chad
FTTI;Chad
FTTK;Chad
FTTL;Chad
FTTB;Chad
FTTS;Chad
FTTY;Chad
FTTH;Chad
FTTU;Chad
FTTM;Chad
FTTD;Chad
FTTJ;Chad
FTTP;Chad
FTTA;Chad
SCAC;Chile
SCFA;Chile
SCAR;Chile
SCBA;Chile
SCCF;Chile
SCSB;Chile
SCTN;Chile
SCRA;Chile
SCCC;Chile
SCCH;Chile
SCHR;Chile
SCIE;Chile
SCHA;Chile
SCCY;Chile
SCES;Chile
SCFT;Chile
SCDA;Chile
SCSE;Chile
SCLN;Chile
SCAN;Chile
SCGE;Chile
SCJO;Chile
SCFM;Chile
SCPC;Chile
SCAS;Chile
SCTE;Chile
SCNT;Chile
SCGZ;Chile
SCCI;Chile
SCRG;Chile
SCSF;Chile
SCEL;Chile
SCTI;Chile
SCTL;Chile
SCTT;Chile
SCTC;Chile
SCBE;Chile
SCVD;Chile
SCLL;Chile
SCTO;Chile
SCVM;Chile
ZWAK;China - Peoples Republic
ZWAT;China - Peoples Republic
ZSAQ;China - Peoples Republic
ZYAS;China - Peoples Republic
ZHAY;China - Peoples Republic
ZPBS;China - Peoples Republic
ZBOW;China - Peoples Republic
ZGBH;China - Peoples Republic
ZBBB;China - Peoples Republic
ZBAA;China - Peoples Republic
ZSBB;China - Peoples Republic
ZYCC;China - Peoples Republic
ZGHA;China - Peoples Republic
ZBCZ;China - Peoples Republic
ZSCG;China - Peoples Republic
ZUUU;China - Peoples Republic
ZBCF;China - Peoples Republic
ZUCK;China - Peoples Republic
ZYTL;China - Peoples Republic
ZYDD;China - Peoples Republic
ZBDT;China - Peoples Republic
ZLDH;China - Peoples Republic
ZSFY;China - Peoples Republic
ZWFY;China - Peoples Republic
ZSFZ;China - Peoples Republic
ZSGZ;China - Peoples Republic
ZLGM;China - Peoples Republic
ZGGG;China - Peoples Republic
ZGKL;China - Peoples Republic
ZUGY;China - Peoples Republic
ZJHK;China - Peoples Republic
ZBLA;China - Peoples Republic
ZWHM;China - Peoples Republic
ZSHC;China - Peoples Republic
ZLHZ;China - Peoples Republic
ZYHB;China - Peoples Republic
ZSOF;China - Peoples Republic
ZYHE;China - Peoples Republic
ZGHY;China - Peoples Republic
ZBHH;China - Peoples Republic
VHHH;China - Peoples Republic
ZWTN;China - Peoples Republic
ZSTX;China - Peoples Republic
ZSLQ;China - Peoples Republic
ZYJM;China - Peoples Republic
ZYJL;China - Peoples Republic
ZSJN;China - Peoples Republic
ZSJD;China - Peoples Republic
ZPJH;China - Peoples Republic
ZLJN;China - Peoples Republic
ZYJZ;China - Peoples Republic
ZSJJ;China - Peoples Republic
ZLJQ;China - Peoples Republic
ZWKM;China - Peoples Republic
ZWSH;China - Peoples Republic
ZWKL;China - Peoples Republic
ZPPP;China - Peoples Republic
ZWKC;China - Peoples Republic
ZLAN;China - Peoples Republic
ZLLL;China - Peoples Republic
ZULS;China - Peoples Republic
ZSLG;China - Peoples Republic
ZPLJ;China - Peoples Republic
ZGZH;China - Peoples Republic
ZHLY;China - Peoples Republic
ZPLX;China - Peoples Republic
VMMC;China - Peoples Republic
ZYMD;China - Peoples Republic
ZSCN;China - Peoples Republic
ZUNC;China - Peoples Republic
ZSNJ;China - Peoples Republic
ZGNN;China - Peoples Republic
ZHNY;China - Peoples Republic
ZSNB;China - Peoples Republic
ZSQD;China - Peoples Republic
ZLQY;China - Peoples Republic
ZBSH;China - Peoples Republic
ZYQQ;China - Peoples Republic
ZSQZ;China - Peoples Republic
ZGSY;China - Peoples Republic
ZSSS;China - Peoples Republic
ZSPD;China - Peoples Republic
ZGOW;China - Peoples Republic
ZHSS;China - Peoples Republic
ZYTX;China - Peoples Republic
ZGSZ;China - Peoples Republic
ZBSJ;China - Peoples Republic
ZPSM;China - Peoples Republic
ZSSZ;China - Peoples Republic
ZBYN;China - Peoples Republic
ZBTJ;China - Peoples Republic
ZYTN;China - Peoples Republic
ZBTL;China - Peoples Republic
ZBUL;China - Peoples Republic
ZWWW;China - Peoples Republic
ZSWF;China - Peoples Republic
ZSWZ;China - Peoples Republic
ZHHH;China - Peoples Republic
ZSWX;China - Peoples Republic
ZSWY;China - Peoples Republic
ZGWZ;China - Peoples Republic
ZLXY;China - Peoples Republic
ZSAM;China - Peoples Republic
ZHXF;China - Peoples Republic
ZUXC;China - Peoples Republic
ZBXT;China - Peoples Republic
ZLXN;China - Peoples Republic
ZSXZ;China - Peoples Republic
ZLYA;China - Peoples Republic
ZYYJ;China - Peoples Republic
ZSYT;China - Peoples Republic
ZUYB;China - Peoples Republic
ZHYC;China - Peoples Republic
ZLIC;China - Peoples Republic
ZWYN;China - Peoples Republic
ZSYW;China - Peoples Republic
ZLYL;China - Peoples Republic
ZGZJ;China - Peoples Republic
ZPZT;China - Peoples Republic
ZHCC;China - Peoples Republic
ZSZS;China - Peoples Republic
ZGSD;China - Peoples Republic
ZUZY;China - Peoples Republic
SKAC;Colombia
SKUC;Colombia
SKAR;Colombia
SKBS;Colombia
SKEJ;Colombia
SKBQ;Colombia
SKBG;Colombia
SKBU;Colombia
SKCL;Colombia
SKCG;Colombia
SKGO;Colombia
SKCR;Colombia
SKCU;Colombia
SKHA;Colombia
SKIG;Colombia
SKCM;Colombia
SKCD;Colombia
SKCZ;Colombia
SKCV;Colombia
SKCN;Colombia
SKCC;Colombia
SKEB;Colombia
SKBC;Colombia
SKYP;Colombia
SKFL;Colombia
SKGI;Colombia
SKGP;Colombia
SKHC;Colombia
SKIB;Colombia
SKIP;Colombia
SKPV;Colombia
SKLP;Colombia
SKLT;Colombia
SKMG;Colombia
SKAO;Colombia
SKQU;Colombia
SKMD;Colombia
SKMF;Colombia
SKMU;Colombia
SKMP;Colombia
SKMR;Colombia
SKNV;Colombia
SKOC;Colombia
SKPQ;Colombia
SKPS;Colombia
SKPZ;Colombia
SKPE;Colombia
SKPI;Colombia
SKPP;Colombia
SKAS;Colombia
SKPR;Colombia
SKPC;Colombia
SKPD;Colombia
SKLG;Colombia
SKUI;Colombia
SKOT;Colombia
SKRH;Colombia
SKRG;Colombia
SKSJ;Colombia
SKSV;Colombia
SKSM;Colombia
SKBO;Colombia
SKSA;Colombia
SKSO;Colombia
SKTM;Colombia
SKTB;Colombia
SKTQ;Colombia
SKTD;Colombia
SKUL;Colombia
SKCO;Colombia
SKTU;Colombia
SKVP;Colombia
SKVG;Colombia
SKVV;Colombia
FMCV;Comoros
FMCI;Comoros
FMCH;Comoros
FMCN;Comoros
FZBO;Congo, Democratic Republic of the
FZEN;Congo, Democratic Republic of the
FZVR;Congo, Democratic Republic of the
FZNP;Congo, Democratic Republic of the
FZGN;Congo, Democratic Republic of the
FZAJ;Congo, Democratic Republic of the
FZMA;Congo, Democratic Republic of the
FZFU;Congo, Democratic Republic of the
FZKA;Congo, Democratic Republic of the
FZKJ;Congo, Democratic Republic of the
FZWC;Congo, Democratic Republic of the
FZFD;Congo, Democratic Republic of the
FZFK;Congo, Democratic Republic of the
FZNA;Congo, Democratic Republic of the
FZCB;Congo, Democratic Republic of the
FZGV;Congo, Democratic Republic of the
FZVS;Congo, Democratic Republic of the
FZBA;Congo, Democratic Republic of the
FZJH;Congo, Democratic Republic of the
FZRM;Congo, Democratic Republic of the
FZWT;Congo, Democratic Republic of the
FZRF;Congo, Democratic Republic of the
FZOD;Congo, Democratic Republic of the
FZSA;Congo, Democratic Republic of the
FZUA;Congo, Democratic Republic of the
FZTK;Congo, Democratic Republic of the
FZSK;Congo, Democratic Republic of the
FZQG;Congo, Democratic Republic of the
FZOK;Congo, Democratic Republic of the
FZCA;Congo, Democratic Republic of the
FZOA;Congo, Democratic Republic of the
FZAA;Congo, Democratic Republic of the
FZAB;Congo, Democratic Republic of the
FZIC;Congo, Democratic Republic of the
FZQM;Congo, Democratic Republic of the
FZRQ;Congo, Democratic Republic of the
FZFP;Congo, Democratic Republic of the
FZFA;Congo, Democratic Republic of the
FZGA;Congo, Democratic Republic of the
FZVA;Congo, Democratic Republic of the
FZQA;Congo, Democratic Republic of the
FZUG;Congo, Democratic Republic of the
FZAL;Congo, Democratic Republic of the
FZVI;Congo, Democratic Republic of the
FZCE;Congo, Democratic Republic of the
FZRA;Congo, Democratic Republic of the
FZCV;Congo, Democratic Republic of the
FZAM;Congo, Democratic Republic of the
FZEA;Congo, Democratic Republic of the
FZWA;Congo, Democratic Republic of the
FZRB;Congo, Democratic Republic of the
FZVM;Congo, Democratic Republic of the
FZBI;Congo, Democratic Republic of the
FZOP;Congo, Democratic Republic of the
FZQC;Congo, Democratic Republic of the
FZUK;Congo, Democratic Republic of the
FCOT;Congo, Republic of
FCOB;Congo, Republic of
FCBB;Congo, Republic of
FCBD;Congo, Republic of
FCPL;Congo, Republic of
FCOE;Congo, Republic of
FCOI;Congo, Republic of
FCOK;Congo, Republic of
FCBK;Congo, Republic of
FCBL;Congo, Republic of
FCPA;Congo, Republic of
FCOM;Congo, Republic of
FCMM;Congo, Republic of
FCBM;Congo, Republic of
FCBY;Congo, Republic of
FCOU;Congo, Republic of
FCOO;Congo, Republic of
FCPP;Congo, Republic of
FCBS;Congo, Republic of
FCOS;Congo, Republic of
FCBZ;Congo, Republic of
NCAI;Cook Islands
NCMK;Cook Islands
NCPY;Cook Islands
NCRG;Cook Islands
MRBC;Costa Rica
MRBA;Costa Rica
MRCR;Costa Rica
MRCC;Costa Rica
MRDK;Costa Rica
MRGF;Costa Rica
MRGP;Costa Rica
MRAN;Costa Rica
MRLB;Costa Rica
MRLM;Costa Rica
MRLC;Costa Rica
MRNS;Costa Rica
MRPM;Costa Rica
MRPJ;Costa Rica
MRIA;Costa Rica
MRQP;Costa Rica
MRPV;Costa Rica
MROC;Costa Rica
MRTM;Costa Rica
MRTR;Costa Rica
MRAO;Costa Rica
MRUP;Costa Rica
LDSB;Croatia
LDDU;Croatia
LDOS;Croatia
LDPL;Croatia
LDRI;Croatia
LDSP;Croatia
LDZD;Croatia
LDZA;Croatia
MUBA;Cuba
MUBY;Cuba
MUCM;Cuba
MUOC;Cuba
MUCL;Cuba
MUCA;Cuba
MUCF;Cuba
MUGT;Cuba
MUHA;Cuba
MUHG;Cuba
MUSN;Cuba
MUKW;Cuba
MUVT;Cuba
MUMZ;Cuba
MUMO;Cuba
MUNC;Cuba
MUNG;Cuba
MULM;Cuba
MUPR;Cuba
MUNB;Cuba
MUSC;Cuba
MUCU;Cuba
MUTD;Cuba
MUVR;Cuba
LCLK;Cyprus
LCEN;Cyprus
LCPH;Cyprus
LKTB;Czech Republic
LKKV;Czech Republic
LKMT;Czech Republic
LKPD;Czech Republic
LKPR;Czech Republic
LKKU;Czech Republic
EKYT;Denmark
EKAH;Denmark
EKBI;Denmark
EKCH;Denmark
EKRK;Denmark
EKEB;Denmark
EKKA;Denmark
EKOD;Denmark
EKRN;Denmark
EKSB;Denmark
EKVJ;Denmark
EKTS;Denmark
HFFF;Djibouti
TDPD;Dominica
TDCF;Dominica
MDBH;Dominican Republic
MDCZ;Dominican Republic
MDLR;Dominican Republic
MDCR;Dominican Republic
MDPP;Dominican Republic
MDPC;Dominican Republic
MDSD;Dominican Republic
MDSB;Dominican Republic
MDPO;Dominican Republic
MDSJ;Dominican Republic
MDST;Dominican Republic
MDHE;Dominican Republic
MDLI;Dominican Republic
WPDL;East Timor (Timor-Leste)
WPMN;East Timor (Timor-Leste)
SEAM;Ecuador
SEGS;Ecuador
SEGS;Ecuador
SECO;Ecuador
SECU;Ecuador
SEGU;Ecuador
SEMA;Ecuador
SEMC;Ecuador
SEMH;Ecuador
SEMT;Ecuador
SELA;Ecuador
SEPV;Ecuador
SEQU;Ecuador
SESA;Ecuador
SEST;Ecuador
SESV;Ecuador
SESM;Ecuador
SESC;Ecuador
SETN;Ecuador
SETH;Ecuador
SETR;Ecuador
SETI;Ecuador
SETU;Ecuador
HEBL;Egypt
HEBA;Egypt
HEAX;Egypt
HESN;Egypt
HEAT;Egypt
HECA;Egypt
HEDK;Egypt
HEAR;Egypt
HEKG;Egypt
HETR;Egypt
HEGN;Egypt
HELX;Egypt
HEMA;Egypt
HEMM;Egypt
HEPS;Egypt
HEOW;Egypt
HESH;Egypt
HESC;Egypt
HETB;Egypt
FGBT;Equatorial Guinea
FGSL;Equatorial Guinea
EEKA;Estonia
EEKE;Estonia
EEPU;Estonia
EETN;Estonia
EETU;Estonia
HAAB;Ethiopia
HAAM;Ethiopia
HASO;Ethiopia
HALA;Ethiopia
HAAX;Ethiopia
HABC;Ethiopia
HABD;Ethiopia
HABE;Ethiopia
HADM;Ethiopia
HADT;Ethiopia
HADD;Ethiopia
HADC;Ethiopia
HADR;Ethiopia
HAFN;Ethiopia
HAGM;Ethiopia
HAGH;Ethiopia
HAGB;Ethiopia
HAGN;Ethiopia
HAGR;Ethiopia
HAHU;Ethiopia
HAJM;Ethiopia
HAKD;Ethiopia
HALL;Ethiopia
HAML;Ethiopia
HAMA;Ethiopia
HAMK;Ethiopia
HAMN;Ethiopia
HAMM;Ethiopia
HAMT;Ethiopia
HANJ;Ethiopia
HANK;Ethiopia
HASK;Ethiopia
HASD;Ethiopia
HATP;Ethiopia
HAWC;Ethiopia
EGYP;Falkland Islands (UK)
EKVG;Faroe Islands (Denmark)
NFNL;Fiji
NFFN;Fiji
NFNA;Fiji
NFNR;Fiji
EFET;Finland
EFHF;Finland
EFHK;Finland
EFHV;Finland
EFIV;Finland
EFJO;Finland
EFJY;Finland
EFKI;Finland
EFKJ;Finland
EFKA;Finland
EFKE;Finland
EFIT;Finland
EFKT;Finland
EFKK;Finland
EFKU;Finland
EFKS;Finland
EFLP;Finland
EFMA;Finland
EFMI;Finland
EFOU;Finland
EFPO;Finland
EFRO;Finland
EFSA;Finland
EFIL;Finland
EFSO;Finland
EFTP;Finland
EFTU;Finland
EFVA;Finland
EFVR;Finland
EFYL;Finland
LFOI;France
LFBA;France
LFKJ;France
LFCI;France
LFJR;France
LFBU;France
LFLP;France
LFQD;France
LFHO;France
LFDH;France
LFLW;France
LFQF;France
LFLA;France
LFMV;France
LFSB;France
LFKB;France
LFOB;France
LFBE;France
LFQM;France
LFMU;France
LFBZ;France
LFOQ;France
LFBD;France
LFLD;France
LFRB;France
LFBV;France
LFRK;France
LFCC;France
LFAC;France
LFKC;France
LFMD;France
LFMK;France
LFCK;France
LFLB;France
LFLX;France
LFRC;France
LFOU;France
LFLC;France
LFBG;France
LFGA;France
LFLJ;France
LFPC;France
LFRG;France
LFAB;France
LFSD;France
LFRD;France
LFGJ;France
LFSG;France
LFOE;France
LFKF;France
LFNA;France
LFRF;France
LFLS;France
LFEY;France
LFRI;France
LFBH;France
LFRE;France
LFRO;France
LFOV;France
LFMQ;France
LFOH;France
LFRM;France
LFHP;France
LFAT;France
LFQQ;France
LFBL;France
LFRH;France
LFLL;France
LFLY;France
LFML;France
LFHM;France
LFNB;France
LFKX;France
LFQT;France
LFSF;France
LFJL;France
LFBK;France
LFMT;France
LFRU;France
LFSN;France
LFRS;France
LFQG;France
LFMN;France
LFBN;France
LFOJ;France
LFPO;France
LFPG;France
LFPB;France
LFBP;France
LFBX;France
LFMP;France
LFBI;France
LFPT;France
LFKO;France
LFRQ;France
LFSR;France
LFRN;France
LFLO;France
LFDN;France
LFCR;France
LFOP;France
LFCY;France
LFKS;France
LFRT;France
LFMH;France
LFRZ;France
LFST;France
LFBT;France
LFBO;France
LFOT;France
LFPN;France
LFLU;France
LFRV;France
LFLV;France
LFSZ;France
LFXC;France
SOCA;French Guiana
NTTB;French Polynesia
NTTR;French Polynesia
NTTG;French Polynesia
FOOB;Gabon
FOGB;Gabon
FOGF;Gabon
FOON;Gabon
FOGR;Gabon
FOOR;Gabon
FOOL;Gabon
FOOK;Gabon
FOOY;Gabon
FOGG;Gabon
FOOE;Gabon
FOGV;Gabon
FOOM;Gabon
FOGI;Gabon
FOOD;Gabon
FOGM;Gabon
FOGE;Gabon
FOGQ;Gabon
FOOH;Gabon
FOGO;Gabon
FOOG;Gabon
FOOS;Gabon
FOOT;Gabon
GBYD;Gambia
UGSS;Georgia
UGGG;Georgia
UGGG;Georgia
EDMA;Germany
EDBH;Germany
EDQD;Germany
EDDB;Germany
EDDB;Germany
EDDT;Germany
EDLI;Germany
EDWR;Germany
EDVE;Germany
EDDW;Germany
EDWB;Germany
EDGS;Germany
EDLP;Germany
EDXB;Germany
EDVK;Germany
EDLW;Germany
EDDC;Germany
EDDL;Germany
EDWE;Germany
EDDE;Germany
EDLE;Germany
EDDF;Germany
EDNY;Germany
EDDG;Germany
EDFH;Germany
EDHI;Germany
EDDH;Germany
EDDV;Germany
EDXH;Germany
EDAH;Germany
EDQM;Germany
EDWJ;Germany
EDHK;Germany
EDDK;Germany
ETNL;Germany
EDTL;Germany
EDDP;Germany
EDHL;Germany
EDBC;Germany
ETSI;Germany
EDFM;Germany
EDWI;Germany
EDJA;Germany
EDLN;Germany
EDDM;Germany
EDAC;Germany
EDWY;Germany
ETMN;Germany
EDDN;Germany
EDOP;Germany
EDSB;Germany
EDDR;Germany
EDDS;Germany
ETNU;Germany
EDWG;Germany
EDLV;Germany
EDMO;Germany
EDXW;Germany
EDXY;Germany
EDAH;Germany
DGAA;Ghana
DGSI;Ghana
DGSN;Ghana
DGTK;Ghana
DGLE;Ghana
LXGB;Gibraltar (UK)
LGBL;Greece
LGAL;Greece
LGRX;Greece
LGPL;Greece
LGAV;Greece
LGSA;Greece
LGHI;Greece
LGKR;Greece
LGIR;Greece
LGIK;Greece
LGIO;Greece
LGKL;Greece
LGKP;Greece
LGKS;Greece
LGKJ;Greece
LGKA;Greece
LGKV;Greece
LGKF;Greece
LGKO;Greece
LGKZ;Greece
LGKC;Greece
LGLM;Greece
LGML;Greece
LGMK;Greece
LGMT;Greece
LGNX;Greece
LGPA;Greece
LGPZ;Greece
LGRP;Greece
LGSM;Greece
LGSR;Greece
LGST;Greece
LGSK;Greece
LGSY;Greece
LGSO;Greece
LGTS;Greece
LGZA;Greece
BGEM;Greenland (Denmark)
BGAM;Greenland (Denmark)
BGDU;Greenland (Denmark)
BGJN;Greenland (Denmark)
BGSC;Greenland (Denmark)
BGKA;Greenland (Denmark)
BGSF;Greenland (Denmark)
BGKK;Greenland (Denmark)
BGNN;Greenland (Denmark)
BGNS;Greenland (Denmark)
BGBW;Greenland (Denmark)
BGCO;Greenland (Denmark)
BGGH;Greenland (Denmark)
BGFH;Greenland (Denmark)
BGTL;Greenland (Denmark)
BGQA;Greenland (Denmark)
BGCH;Greenland (Denmark)
BGGN;Greenland (Denmark)
BGHB;Greenland (Denmark)
BGUP;Greenland (Denmark)
BGUM;Greenland (Denmark)
TGPY;Grenada
TFFB;Guadeloupe - French Antilles
TFFM;Guadeloupe - French Antilles
TFFA;Guadeloupe - French Antilles
TFFR;Guadeloupe - French Antilles
TFFJ;Guadeloupe - French Antilles
TFFC;Guadeloupe - French Antilles
TFFG;Guadeloupe - French Antilles
TFFS;Guadeloupe - French Antilles
PGUM;Guam (USA)
MGCR;Guatemala
MGCT;Guatemala
MGCB;Guatemala
MGTK;Guatemala
MGGT;Guatemala
MGHT;Guatemala
MGMM;Guatemala
MGPP;Guatemala
MGPB;Guatemala
MGQZ;Guatemala
MGQC;Guatemala
MGRT;Guatemala
MGRB;Guatemala
GUOK;Guinea
GUCY;Guinea
GUFH;Guinea
GUFA;Guinea
GUXD;Guinea
GUKU;Guinea
GUSB;Guinea
GULB;Guinea
GUMA;Guinea
GUNZ;Guinea
GUSI;Guinea
GGOV;Guinea Bissau
SYAH;Guyana
SYAN;Guyana
SYCJ;Guyana
SYIB;Guyana
SYKM;Guyana
SYKR;Guyana
SYKT;Guyana
SYLT;Guyana
SYLP;Guyana
SYMD;Guyana
SYOR;Guyana
MTCH;Haiti
MTJA;Haiti
MTJE;Haiti
MTPX;Haiti
MTPP;Haiti
MHCA;Honduras
MHLC;Honduras
MHLE;Honduras
MHPL;Honduras
MHRO;Honduras
MHLM;Honduras
MHTG;Honduras
MHTE;Honduras
LHBP;Hungary
LHDC;Hungary
LHPR;Hungary
LHMC;Hungary
LHSM;Hungary
;
;
;
;
;
ICAO;Country
BIAR;Iceland
BIBL;Iceland
BIEG;Iceland
BIHN;Iceland
BIIS;Iceland
BIKF;Iceland
BINF;Iceland
BIPA;Iceland
BITE;Iceland
BIRG;Iceland
BIRK;Iceland
BITH;Iceland
BIKR;Iceland
BISI;Iceland
BIST;Iceland
BIVM;Iceland
VEAT;India
VOAT;India
VIAG;India
VAAH;India
VELP;India
VAAK;India
VIAL;India
VIAR;India
VAAU;India
VEBD;India
VEBG;India
VOBG;India
VABM;India
VABV;India
VABP;India
VEBS;India
VABJ;India
VIBR;India
VICG;India
VOMM;India
VOCB;India
VECO;India
VAGO;India
VIDN;India
VEC1;India
VEMR;India
VA1P;India
VEGY;India
VEGK;India
VEGT;India
VIGR;India
VA1A;India
VOHY;India
VEIM;India
VAID;India
VAJB;India
VE46;India
VIJP;India
VIJR;India
VIJU;India
VAJM;India
VEJS;India
VIJO;India
VEJT;India
VOCP;India
VEKR;India
VAKE;India
VIGG;India
VIKA;India
VAKS;India
VAKJ;India
VOCI;India
VAKP;India
VECC;India
VIKO;India
VOCL;India
VILH;India
VILK;India
VILD;India
VOMD;India
VEMH;India
VOML;India
VABB;India
VEMZ;India
VOMY;India
VANP;India
VAND;India
VIDP;India
VELR;India
VIPT;India
VEPG;India
VEPT;India
VOPC;India
VAPR;India
VOPB;India
VAPO;India
VEPU;India
VOPN;India
VARP;India
VORY;India
VARK;India
VERC;India
VERK;India
VERU;India
VOSM;India
VEBI;India
VISM;India
VEKU;India
VASL;India
VISR;India
VASU;India
VETZ;India
VETJ;India
VOTV;India
VO80;India
VOTR;India
VOTP;India
VAUD;India
VABO;India
VIBN;India
VOBZ;India
VEVZ;India
VEZO;India
WAPP;Indonesia
WALL;Indonesia
WITT;Indonesia
WIIT;Indonesia
WIIB;Indonesia
WRBB;Indonesia
WIKB;Indonesia
WABB;Indonesia
WIII;Indonesia
WADD;Indonesia
WIIH;Indonesia
WAJJ;Indonesia
WAAU;Indonesia
WIPT;Indonesia
WRKK;Indonesia
WAAA;Indonesia
WAMM;Indonesia
WRRA;Indonesia
WIMM;Indonesia
WRBP;Indonesia
WIPP;Indonesia
WAML;Indonesia
WIBB;Indonesia
WIOO;Indonesia
WRLS;Indonesia
WIIS;Indonesia
WRSJ;Indonesia
WRSQ;Indonesia
WIKN;Indonesia
WRLR;Indonesia
WIIJ;Indonesia
OIAA;Iran
OIAW;Iran
OITL;Iran
OIBI;Iran
OIKM;Iran
OIKB;Iran
OIBL;Iran
OIMB;Iran
OIMN;Iran
OIBB;Iran
OIZC;Iran
OIFM;Iran
OIHH;Iran
OIKK;Iran
OICC;Iran
OIBQ;Iran
OICK;Iran
OIBK;Iran
OIBV;Iran
OIAM;Iran
OIMM;Iran
OIKR;Iran
OINR;Iran
OIGG;Iran
OICS;Iran
OIMC;Iran
OINZ;Iran
OISS;Iran
OIKY;Iran
OIBS;Iran
OIMT;Iran
OITT;Iran
OIIE;Iran
OIII;Iran
OIYY;Iran
OIZB;Iran
OIZH;Iran
ORER;Iraq
ORSU;Iraq
EICM;Ireland
EIDL;Ireland
EICK;Ireland
EIDW;Ireland
EIKY;Ireland
EICA;Ireland
EIKN;Ireland
EINN;Ireland
EISG;Ireland
EIWF;Ireland
LLBS;Israel
LLET;Israel
LLEY;Israel
LLHA;Israel
LLMZ;Israel
LLMR;Israel
LLOV;Israel
LLKS;Israel
LLIB;Israel
LLBG;Israel
LLSD;Israel
LIMG;Italy
LIEA;Italy
LIPY;Italy
LIMW;Italy
LIBD;Italy
LIDB;Italy
LIME;Italy
LIPE;Italy
LIPB;Italy
LIPO;Italy
LIBR;Italy
LIEE;Italy
LIPD;Italy
LICC;Italy
LIBC;Italy
LIMZ;Italy
LIRQ;Italy
LIBF;Italy
LIPK;Italy
LIMJ;Italy
LIRS;Italy
LICA;Italy
LICD;Italy
LIRL;Italy
LIBN;Italy
LIQL;Italy
LIRJ;Italy
LIML;Italy
LIMC;Italy
LIRN;Italy
LIEO;Italy
LICJ;Italy
LICG;Italy
LIMP;Italy
LIRZ;Italy
LIBP;Italy
LIRP;Italy
LIDR;Italy
LICR;Italy
LIPR;Italy
LIRF;Italy
LIRA;Italy
LIPQ;Italy
LIQS;Italy
LIBG;Italy
LIET;Italy
LICT;Italy
LIPH;Italy
LIMF;Italy
LIPZ;Italy
LIPX;Italy
LIPT;Italy
DIAU;Ivory Coast
DIAP;Ivory Coast
DIBU;Ivory Coast
DIBK;Ivory Coast
DIBN;Ivory Coast
DIBI;Ivory Coast
DIDL;Ivory Coast
DIDK;Ivory Coast
DIFK;Ivory Coast
DIGN;Ivory Coast
DIGL;Ivory Coast
DIKO;Ivory Coast
DIMN;Ivory Coast
DIOD;Ivory Coast
DIOF;Ivory Coast
DISP;Ivory Coast
DISS;Ivory Coast
DITB;Ivory Coast
DITM;Ivory Coast
DIYO;Ivory Coast
MKJP;Jamaica
MKJS;Jamaica
RJGG;Japan
RJNA;Japan
RJSK;Japan
RJSR;Japan
RJSA;Japan
RJAA;Japan
RJOM;Japan
RJNF;Japan
RJFR;Japan
RJFF;Japan
RJSF;Japan
RJOA;Japan
RJCN;Japan
RJCK;Japan
RJCC;Japan
RJCM;Japan
RJER;Japan
RJEC;Japan
RJEB;Japan
RJCR;Japan
RJCH;Japan
RJCW;Japan
RJCB;Japan
RJEO;Japan
RJBE;Japan
RJOO;Japan
RJNW;Japan
RJSI;Japan
RJOT;Japan
RORY;Japan
RJFG;Japan
RJKN;Japan
RJKI;Japan
RJFK;Japan
RJKA;Japan
RJFC;Japan
RJKB;Japan
RJOK;Japan
RJFT;Japan
RJSS;Japan
RJFM;Japan
RJAF;Japan
RJFU;Japan
RJFE;Japan
RJDT;Japan
RJDB;Japan
RJSD;Japan
RJSN;Japan
RJFO;Japan
RJOB;Japan
RORE;Japan
ROAH;Japan
ROMY;Japan
ROKR;Japan
ROKJ;Japan
RORH;Japan
RORK;Japan
ROYN;Japan
ROIG;Japan
RORT;Japan
RORA;Japan
RORS;Japan
ROMD;Japan
RJBB;Japan
RJFS;Japan
RJOC;Japan
RJNO;Japan
RJOW;Japan
RJTT;Japan
RJTO;Japan
RJTH;Japan
RJTQ;Japan
RJOR;Japan
RJNT;Japan
RJBD;Japan
RJSY;Japan
RJSC;Japan
RJDC;Japan
OJAI;Jordan
OJAM;Jordan
OJAQ;Jordan
UATT;Kazakhstan
UAAA;Kazakhstan
UACC;Kazakhstan
UATG;Kazakhstan
UAAH;Kazakhstan
UAKK;Kazakhstan
UAUU;Kazakhstan
UARR;Kazakhstan
UAKD;Kazakhstan
HKAM;Kenya
HKED;Kenya
HKES;Kenya
HKGA;Kenya
HKHO;Kenya
HKFG;Kenya
HKKR;Kenya
HKKL;Kenya
HKKI;Kenya
HKKT;Kenya
HKLU;Kenya
HKLO;Kenya
HKLY;Kenya
HKML;Kenya
HKMA;Kenya
HKMB;Kenya
HKMO;Kenya
HKMY;Kenya
HKNW;Kenya
HKJK;Kenya
HKNK;Kenya
HKNY;Kenya
HKNI;Kenya
HKSB;Kenya
HKWJ;Kenya
NGTU;Kiribati
PCIS;Kiribati
PLCH;Kiribati
NGTA;Kiribati
OKBK;Kuwait
UAFM;Kyrgyzstan
UAFO;Kyrgyzstan
VLAP;Laos
VLHS;Laos
VLLN;Laos
VLLB;Laos
VLOS;Laos
VLPS;Laos
VLSN;Laos
VLSV;Laos
VLSK;Laos
VLSB;Laos
VLTK;Laos
VLVT;Laos
VLXK;Laos
EVLA;Latvia
EVRA;Latvia
EVVA;Latvia
OLBA;Lebanon
OLKA;Lebanon
FXLR;Lesotho
FXMF;Lesotho
FXMM;Lesotho
FXMK;Lesotho
FXQN;Lesotho
FXSH;Lesotho
FXSM;Lesotho
GLBU;Liberia
GLNA;Liberia
GLGE;Liberia
GLCP;Liberia
GLMR;Liberia
GLRB;Liberia
GLTN;Liberia
HLLB;Libya
HLON;Libya
HLKF;Libya
HLMB;Libya
HLLS;Libya
HLLT;Libya
ELLX;Luxembourg
LWOH;Macedonia
LWOH;Macedonia
LWSK;Macedonia
LWSK;Macedonia
FMNJ;Madagascar
FMMZ;Madagascar
FMNE;Madagascar
FMSY;Madagascar
FMNL;Madagascar
FMND;Madagascar
FMMK;Madagascar
FMSZ;Madagascar
FMNH;Madagascar
FMMI;Madagascar
FMMG;Madagascar
FMME;Madagascar
FMNA;Madagascar
FMNW;Madagascar
FMNF;Madagascar
FMSL;Madagascar
FMML;Madagascar
FMSB;Madagascar
FMNQ;Madagascar
FMSG;Madagascar
FMSF;Madagascar
FMSI;Madagascar
FMMQ;Madagascar
FMNM;Madagascar
FMMH;Madagascar
FMMO;Madagascar
FMMC;Madagascar
FMSK;Madagascar
FMNC;Madagascar
FMSM;Madagascar
FMSC;Madagascar
FMNX;Madagascar
FMSJ;Madagascar
FMNR;Madagascar
FMMN;Madagascar
FMMR;Madagascar
FMSR;Madagascar
FMMV;Madagascar
FMNN;Madagascar
FMNG;Madagascar
FMMS;Madagascar
FMNS;Madagascar
FMNO;Madagascar
FMMU;Madagascar
FMSN;Madagascar
FMMT;Madagascar
FMSD;Madagascar
FMST;Madagascar
FMNT;Madagascar
FMMX;Madagascar
FMMY;Madagascar
FMNV;Madagascar
FWCL;Malawi
FWCD;Malawi
FWCM;Malawi
FWDW;Malawi
FWKA;Malawi
FWKG;Malawi
FWLK;Malawi
FWLI;Malawi
FWMG;Malawi
FWMY;Malawi
FWUU;Malawi
FWSM;Malawi
WMKA;Malaysia
WBGZ;Malaysia
WBGB;Malaysia
WMKB;Malaysia
WMKI;Malaysia
WMKJ;Malaysia
WMKE;Malaysia
WMKC;Malaysia
WBKK;Malaysia
WMKK;Malaysia
WMSA;Malaysia
WMKN;Malaysia
WMKD;Malaysia
WBGG;Malaysia
WBKL;Malaysia
WBKD;Malaysia
WMKL;Malaysia
WBGW;Malaysia
WMKM;Malaysia
WBGM;Malaysia
WBGR;Malaysia
WBGK;Malaysia
WMKP;Malaysia
WBKS;Malaysia
WMBI;Malaysia
WBKW;Malaysia
VRMG;Maldives
VRMH;Maldives
VRMT;Maldives
VRMM;Maldives
GABS;Mali
GAGO;Mali
GAGM;Mali
GAKY;Mali
GAKA;Mali
GAKO;Mali
GAMB;Mali
GANK;Mali
GANR;Mali
GASK;Mali
GATB;Mali
GAYE;Mali
LMML;Malta
PKMA;Marshall Islands
N55;Marshall Islands
PKWA;Marshall Islands
PKMJ;Marshall Islands
TFFF;Martinique - French Antilles
GQNA;Mauritania
GQNJ;Mauritania
GQPA;Mauritania
GQNE;Mauritania
GQNB;Mauritania
GQPF;Mauritania
GQNK;Mauritania
GQNF;Mauritania
GQNL;Mauritania
GQNI;Mauritania
GQPP;Mauritania
GQNN;Mauritania
GQNS;Mauritania
GQNT;Mauritania
GQNC;Mauritania
GQND;Mauritania
GQNH;Mauritania
GQPZ;Mauritania
FIMP;Mauritius
FIMR;Mauritius
MMAA;Mexico
MMAS;Mexico
MMCP;Mexico
MMUN;Mexico
MMCM;Mexico
MMCU;Mexico
MMCE;Mexico
MMCS;Mexico
MMCN;Mexico
MMCV;Mexico
MMIA;Mexico
MMCZ;Mexico
MMCB;Mexico
MMCL;Mexico
MMDO;Mexico
MMGL;Mexico
MMGM;Mexico
MMGR;Mexico
MMHO;Mexico
MMBT;Mexico
MMZH;Mexico
MMJA;Mexico
MMLP;Mexico
MMLC;Mexico
MMLO;Mexico
MMLT;Mexico
MMSD;Mexico
MMLM;Mexico
MMZO;Mexico
MMMA;Mexico
MMMZ;Mexico
MMMD;Mexico
MMML;Mexico
MMMX;Mexico
MMMT;Mexico
MMMV;Mexico
MMMY;Mexico
MMMM;Mexico
MMNL;Mexico
MMOX;Mexico
MMPG;Mexico
MMPA;Mexico
MMPB;Mexico
MMPS;Mexico
MMPR;Mexico
MMQT;Mexico
MMRX;Mexico
MMIO;Mexico
MMSP;Mexico
MMTM;Mexico
MMTP;Mexico
MMEP;Mexico
MMTJ;Mexico
MMTO;Mexico
MMTC;Mexico
MMTG;Mexico
MMPN;Mexico
MMVR;Mexico
MMVA;Mexico
MMZC;Mexico
PTRO;Micronesia, Federated States of
PTSA;Micronesia, Federated States of
PTPN;Micronesia, Federated States of
TT02;Micronesia, Federated States of
PTKK;Micronesia, Federated States of
PTYA;Micronesia, Federated States of
LUKK;Moldova
LNMC;Monaco
ZMAT;Mongolia
ZMAH;Mongolia
ZMBU;Mongolia
ZMBH;Mongolia
ZMBN;Mongolia
ZMCD;Mongolia
ZMUB;Mongolia
LYPG;Montenegro
LYTV;Montenegro
GMAD;Morocco
GMTA;Morocco
GMMN;Morocco
GMMC;Morocco
GMFK;Morocco
GMFF;Morocco
GMMX;Morocco
GMMZ;Morocco
GMFO;Morocco
GMME;Morocco
GMMS;Morocco
GMMF;Morocco
GMAT;Morocco
GMTT;Morocco
GMTN;Morocco
FQAG;Mozambique
FQBR;Mozambique
FQCH;Mozambique
FQCB;Mozambique
FQIN;Mozambique
FQLC;Mozambique
FQMA;Mozambique
FQMP;Mozambique
FQNC;Mozambique
FQNP;Mozambique
FQPB;Mozambique
FQQL;Mozambique
FQTT;Mozambique
FQVL;Mozambique
VYBG;Myanmar (Burma)
VYDW;Myanmar (Burma)
VYGG;Myanmar (Burma)
VYGW;Myanmar (Burma)
VYHH;Myanmar (Burma)
VYHL;Myanmar (Burma)
VYPA;Myanmar (Burma)
VYPP;Myanmar (Burma)
VYKI;Myanmar (Burma)
VYKT;Myanmar (Burma)
VYKG;Myanmar (Burma)
VYKP;Myanmar (Burma)
VYLS;Myanmar (Burma)
VYLK;Myanmar (Burma)
VYMW;Myanmar (Burma)
VYMN;Myanmar (Burma)
VYCZ;Myanmar (Burma)
VYMM;Myanmar (Burma)
VYMO;Myanmar (Burma)
VYMT;Myanmar (Burma)
VYMS;Myanmar (Burma)
VYME;Myanmar (Burma)
VYMK;Myanmar (Burma)
VYNS;Myanmar (Burma)
VYPU;Myanmar (Burma)
VYPN;Myanmar (Burma)
VYPK;Myanmar (Burma)
VYPT;Myanmar (Burma)
VYPY;Myanmar (Burma)
VYSW;Myanmar (Burma)
VYTL;Myanmar (Burma)
VYTD;Myanmar (Burma)
VYYY;Myanmar (Burma)
VYYE;Myanmar (Burma)
FYAR;Namibia
FYGF;Namibia
FYKM;Namibia
FYKT;Namibia
FYLZ;Namibia
FYNA;Namibia
FYOO;Namibia
FYOA;Namibia
FYOG;Namibia
FYRU;Namibia
FYSM;Namibia
FYTM;Namibia
FYWB;Namibia
FYWE;Namibia
FYWH;Namibia
ANAU;Nauru
VNBL;Nepal
VNBT;Nepal
VNBG;Nepal
VNBR;Nepal
VNBW;Nepal
VNBP;Nepal
VNBJ;Nepal
VNVT;Nepal
VNDG;Nepal
VNDL;Nepal
VNDH;Nepal
VNDP;Nepal
VNGK;Nepal
VNJP;Nepal
VNJS;Nepal
VNJL;Nepal
VNKT;Nepal
VNLD;Nepal
VNLK;Nepal
VNMA;Nepal
VNMG;Nepal
VNNG;Nepal
VNPK;Nepal
VNRB;Nepal
VNRC;Nepal
VNRK;Nepal
VNRT;Nepal
VNSR;Nepal
VNSI;Nepal
VNST;Nepal
VNSK;Nepal
VNTR;Nepal
EHAM;Netherlands
EHTW;Netherlands
EHGG;Netherlands
EHLE;Netherlands
EHBK;Netherlands
EHRD;Netherlands
TNCB;Netherlands Antilles
TNCC;Netherlands Antilles
TNCS;Netherlands Antilles
TNCE;Netherlands Antilles
TNCM;Netherlands Antilles
NWWE;New Caledonia (France)
NWWH;New Caledonia (France)
NWWD;New Caledonia (France)
NWWK;New Caledonia (France)
NWWL;New Caledonia (France)
NWWR;New Caledonia (France)
NWWM;New Caledonia (France)
NWWW;New Caledonia (France)
NWWV;New Caledonia (France)
NWWU;New Caledonia (France)
NZLX;New Zealand
NZAS;New Zealand
NZAA;New Zealand
NZWB;New Zealand
NZCI;New Zealand
NZCH;New Zealand
NZDN;New Zealand
NZGS;New Zealand
NZGT;New Zealand
NZGB;New Zealand
NZGM;New Zealand
NZHN;New Zealand
NZHK;New Zealand
NZNV;New Zealand
NZKO;New Zealand
NZKI;New Zealand
NZKT;New Zealand
NZKK;New Zealand
NZMS;New Zealand
NZMA;New Zealand
NZMF;New Zealand
NZMC;New Zealand
NZNR;New Zealand
NZNS;New Zealand
NZNP;New Zealand
NZOU;New Zealand
NZOH;New Zealand
NZPM;New Zealand
NZPP;New Zealand
NZQN;New Zealand
NZRA;New Zealand
NZRO;New Zealand
NZAP;New Zealand
NZTG;New Zealand
NZTH;New Zealand
NZTU;New Zealand
NZWO;New Zealand
NZWF;New Zealand
NZWU;New Zealand
NZWN;New Zealand
NZWS;New Zealand
NZWK;New Zealand
NZWR;New Zealand
MNBL;Nicaragua
MNMG;Nicaragua
MNPC;Nicaragua
DRZA;Niger
DRRM;Niger
DRRN;Niger
DRRT;Niger
DRZR;Niger
DNAA;Nigeria
DNAK;Nigeria
DNBE;Nigeria
DNCA;Nigeria
DNEN;Nigeria
DNIB;Nigeria
DNIL;Nigeria
DNJO;Nigeria
DNKA;Nigeria
DNKN;Nigeria
DNMM;Nigeria
DNMA;Nigeria
DNMN;Nigeria
DNPO;Nigeria
DNSO;Nigeria
DNYO;Nigeria
DNZA;Nigeria
ZKPY;North Korea
PGRO;Northern Mariana Islands
PGSN;Northern Mariana Islands
ENAL;Norway
ENAT;Norway
ENAN;Norway
ENDU;Norway
ENBS;Norway
ENBR;Norway
ENBV;Norway
ENBO;Norway
ENBN;Norway
ENEV;Norway
ENFG;Norway
ENLI;Norway
ENFL;Norway
ENBL;Norway
ENDI;Norway
ENKL;Norway
ENHA;Norway
ENHF;Norway
ENHK;Norway
ENHD;Norway
ENHV;Norway
ENKA;Norway
ENKR;Norway
ENCN;Norway
ENKB;Norway
ENNA;Norway
ENSO;Norway
ENLK;Norway
ENSB;Norway
ENMH;Norway
ENRA;Norway
ENML;Norway
ENMS;Norway
ENRY;Norway
ENNM;Norway
ENNK;Norway
ENNO;Norway
ENOL;Norway
ENOV;Norway
ENGM;Norway
ENRO;Norway
ENRM;Norway
ENRS;Norway
ENSD;Norway
ENTO;Norway
ENST;Norway
ENSN;Norway
ENSG;Norway
ENSR;Norway
ENZV;Norway
ENVA;Norway
ENSK;Norway
ENSH;Norway
ENTC;Norway
ENVD;Norway
ENSS;Norway
OOKB;Oman
OONR;Oman
OOMA;Oman
OOMS;Oman
OOSA;Oman
OOTH;Oman
OPBW;Pakistan
OPBN;Pakistan
OPCL;Pakistan
OPCH;Pakistan
OPDB;Pakistan
OPDG;Pakistan
OPDI;Pakistan
OPFA;Pakistan
OPGT;Pakistan
OPGD;Pakistan
OPKD;Pakistan
OPRN;Pakistan
OPJI;Pakistan
OPKC;Pakistan
OPKH;Pakistan
OPLA;Pakistan
OPMA;Pakistan
OPMJ;Pakistan
OPMT;Pakistan
OPMF;Pakistan
OPNH;Pakistan
OPOR;Pakistan
OPPG;Pakistan
OPPC;Pakistan
OPPI;Pakistan
OPPS;Pakistan
OPQT;Pakistan
OPRK;Pakistan
OPRT;Pakistan
OPSS;Pakistan
OPSN;Pakistan
OPSB;Pakistan
OPMP;Pakistan
OPSD;Pakistan
OPSU;Pakistan
OPSK;Pakistan
OPTA;Pakistan
OPTU;Pakistan
OPZB;Pakistan
PTRO;Palau
MPBO;Panama
MPCH;Panama
MPEJ;Panama
MPDA;Panama
MPJE;Panama
MPTO;Panama
AYGA;Papua New Guinea
AYLA;Papua New Guinea
AYMD;Papua New Guinea
AYMH;Papua New Guinea
AYPY;Papua New Guinea
AYRB;Papua New Guinea
AYWK;Papua New Guinea
SGAS;Paraguay
SGEN;Paraguay
SPAR;Peru
SPHY;Peru
SPHZ;Peru
SPQU;Peru
SPHO;Peru
SPBL;Peru
SPJR;Peru
SPPY;Peru
SPHI;Peru
SPEO;Peru
SPZO;Peru
SPNC;Peru
SPBR;Peru
SPQT;Peru
SPJJ;Peru
SPJI;Peru
SPJL;Peru
SPOV;Peru
SPIM;Peru
SPBB;Peru
SPSO;Peru
SPUR;Peru
SPCL;Peru
SPTU;Peru
SPIL;Peru
SPJA;Peru
SPLN;Peru
SPJN;Peru
SPRN;Peru
SPTN;Peru
SPYL;Peru
SPST;Peru
SPGM;Peru
SPRU;Peru
SPME;Peru
SPMS;Peru
RPLC;Philippines
RPVB;Philippines
RPUZ;Philippines
RPUB;Philippines
RPUR;Philippines
RPUO;Philippines
RPMF;Philippines
RPMN;Philippines
RPVE;Philippines
RPVV;Philippines
RPME;Philippines
RPML;Philippines
RPUK;Philippines
RPVC;Philippines
RPVF;Philippines
RPUY;Philippines
RPVM;Philippines
RPMC;Philippines
RPLO;Philippines
RPUD;Philippines
RPMD;Philippines
RPMG;Philippines
RPVD;Philippines
RPUW;Philippines
RPMR;Philippines
RPVG;Philippines
RPVH;Philippines
RPMI;Philippines
RPVI;Philippines
RPMV;Philippines
RPMJ;Philippines
RPVK;Philippines
RPLI;Philippines
RPLP;Philippines
RPMX;Philippines
RPLU;Philippines
RPMM;Philippines
RPMH;Philippines
RPUM;Philippines
RPLL;Philippines
RPMU;Philippines
RPVJ;Philippines
RPMQ;Philippines
RPUN;Philippines
RPVO;Philippines
RPMO;Philippines
RPMP;Philippines
RPVP;Philippines
RPVR;Philippines
RPUS;Philippines
RPUH;Philippines
RPVS;Philippines
RPNS;Philippines
RPLB;Philippines
RPMA;Philippines
RPMS;Philippines
RPVU;Philippines
RPVA;Philippines
RPVT;Philippines
RPMW;Philippines
RPUT;Philippines
RPUQ;Philippines
RPUV;Philippines
RPMZ;Philippines
EPBY;Poland
EPGD;Poland
EPKK;Poland
EPLL;Poland
EPPO;Poland
EPKT;Poland
EPRZ;Poland
EPSC;Poland
EPSY;Poland
EPWA;Poland
EPWR;Poland
EPZG;Poland
LPBR;Portugal
LPBG;Portugal
LPCH;Portugal
LPCO;Portugal
LPCR;Portugal
LPCV;Portugal
LPHR;Portugal
LPFR;Portugal
LPFL;Portugal
LPMA;Portugal
LPGR;Portugal
LPPI;Portugal
LPPT;Portugal
LPPM;Portugal
LPPR;Portugal
LPPS;Portugal
LPAZ;Portugal
LPSJ;Portugal
LPPD;Portugal
LPSI;Portugal
LPVR;Portugal
LPVZ;Portugal
TJBQ;Puerto Rico
TJAB;Puerto Rico
TJFA;Puerto Rico
TJCP;Puerto Rico
TJVQ;Puerto Rico
TJMZ;Puerto Rico
TJPS;Puerto Rico
TJIG;Puerto Rico
TJSJ;Puerto Rico
OTBD;Qatar
FMEE;Reunion
LRAR;Romania
LRBC;Romania
LRBM;Romania
LRBS;Romania
LROP;Romania
LRCS;Romania
LRCL;Romania
LRCK;Romania
LRCV;Romania
LRIA;Romania
LROD;Romania
LRSM;Romania
LRSB;Romania
LRSV;Romania
LRTM;Romania
LRTR;Romania
LRTC;Romania
UEAA;Russia
ULDD;Russia
UHMA;Russia
URKA;Russia
ULAA;Russia
URWA;Russia
UNBB;Russia
UUOB;Russia
UHBB;Russia
UIBB;Russia
UWKS;Russia
USCC;Russia
UIAA;Russia
UESO;Russia
UELL;Russia
UUII;Russia
UMKK;Russia
UWKD;Russia
UNEE;Russia
UHHH;Russia
USKK;Russia
ULKK;Russia
URKK;Russia
UNKL;Russia
UNKY;Russia
UHMM;Russia
UHBI;Russia
USCM;Russia
URMM;Russia
UERR;Russia
UUEE;Russia
UUWW;Russia
UUDD;Russia
ULMM;Russia
URMN;Russia
ULAM;Russia
USNN;Russia
UWGG;Russia
UOOO;Russia
UNWW;Russia
UNNT;Russia
UNOO;Russia
UWOO;Russia
UWOR;Russia
UWPP;Russia
USPP;Russia
UHPP;Russia
ULPB;Russia
UHMP;Russia
UERP;Russia
UHMD;Russia
ULOO;Russia
URRR;Russia
ULLI;Russia
UWWW;Russia
UWSS;Russia
URMT;Russia
USRR;Russia
UUYY;Russia
UWUU;Russia
UUYH;Russia
UIUU;Russia
URMO;Russia
UHWW;Russia
URWW;Russia
UUOO;Russia
UEEE;Russia
USSS;Russia
UHSS;Russia
HRYI;Rwanda
HRYG;Rwanda
HRZA;Rwanda
HRYR;Rwanda
HRYU;Rwanda
TLPC;Saint Lucia
TLPL;Saint Lucia
LFVP;Saint-Pierre and Miquelon
FPPR;Sao Tome and Principe
FPST;Sao Tome and Principe
OEAB;Saudi Arabia
OEAH;Saudi Arabia
OEBA;Saudi Arabia
OESK;Saudi Arabia
OERR;Saudi Arabia
OEBH;Saudi Arabia
OEDF;Saudi Arabia
OEDW;Saudi Arabia
OEGS;Saudi Arabia
OEGN;Saudi Arabia
OEGT;Saudi Arabia
OEHL;Saudi Arabia
OEJN;Saudi Arabia
OEKK;Saudi Arabia
OEMA;Saudi Arabia
OENG;Saudi Arabia
OEPA;Saudi Arabia
OERF;Saudi Arabia
OERK;Saudi Arabia
OESH;Saudi Arabia
OETB;Saudi Arabia
OETF;Saudi Arabia
OETR;Saudi Arabia
OEWD;Saudi Arabia
OEWJ;Saudi Arabia
OEYN;Saudi Arabia
GOTB;Senegal
GOGS;Senegal
GOOY;Senegal
GOOK;Senegal
GOTK;Senegal
GOGK;Senegal
GOSM;Senegal
GOSP;Senegal
GOSR;Senegal
GOTS;Senegal
GOSS;Senegal
GOTT;Senegal
GOGG;Senegal
LYBE;Serbia
LYNI;Serbia
LYNS;Serbia
LYPA;Serbia
LYPR;Serbia
LYUZ;Serbia
LYVA;Serbia
FSSB;Seychelles
FSSD;Seychelles
FSDR;Seychelles
FSSF;Seychelles
FSPP;Seychelles
FSIA;Seychelles
GFBO;Sierra Leone
GFBN;Sierra Leone
GFLL;Sierra Leone
GFGK;Sierra Leone
GFHA;Sierra Leone
GFKB;Sierra Leone
GFKE;Sierra Leone
GFYE;Sierra Leone
WSSS;Singapore
LZIB;Slovakia
LZKZ;Slovakia
LZPP;Slovakia
LZTT;Slovakia
LZSL;Slovakia
LZZI;Slovakia
LJLJ;Slovenia
LJMB;Slovenia
LJPZ;Slovenia
AGGH;Solomon Islands
AGGM;Solomon Islands
HCMA;Somalia
HCMI;Somalia
HCMF;Somalia
HCMV;Somalia
HCMC;Somalia
HCME;Somalia
HCMU;Somalia
HCMR;Somalia
HCMG;Somalia
HCMK;Somalia
HCMM;Somalia
HCMO;Somalia
HCMS;Somalia
FAAB;South Africa
FABE;South Africa
FABL;South Africa
FACT;South Africa
FACD;South Africa
FAVG;South Africa
FADN;South Africa
FAEL;South Africa
FAEM;South Africa
FAFB;South Africa
FAGG;South Africa
FAGI;South Africa
FAGC;South Africa
FAHR;South Africa
FAHL;South Africa
FAHT;South Africa
FAJS;South Africa
FAGM;South Africa
FAKM;South Africa
FAKZ;South Africa
FAKD;South Africa
FAKP;South Africa
FAKU;South Africa
FALY;South Africa
FALW;South Africa
FALA;South Africa
FALC;South Africa
FALO;South Africa
FAMM;South Africa
FAMD;South Africa
FAMN;South Africa
FAMG;South Africa
FANS;South Africa
FANC;South Africa
FAOH;South Africa
FAPH;South Africa
FAPM;South Africa
FAPI;South Africa
FAPN;South Africa
FAPG;South Africa
FAPA;South Africa
FAPE;South Africa
FAWB;South Africa
FAPK;South Africa
FAQT;South Africa
FARI;South Africa
FARB;South Africa
FARS;South Africa
FASC;South Africa
FASS;South Africa
FASZ;South Africa
FASB;South Africa
FATZ;South Africa
FAUL;South Africa
FAUT;South Africa
FAUP;South Africa
FAVR;South Africa
FAVB;South Africa
FAVY;South Africa
FAWM;South Africa
RKPC;South Korea
RKPE;South Korea
RKTU;South Korea
RKNC;South Korea
RKSI;South Korea
RKNN;South Korea
RKJK;South Korea
RKJJ;South Korea
RKJM;South Korea
RKSO;South Korea
RKTH;South Korea
RKPK;South Korea
ZKPY;South Korea
RKSS;South Korea
RKSM;South Korea
RKND;South Korea
RKSW;South Korea
RKTN;South Korea
RKPU;South Korea
RKNW;South Korea
RKTY;South Korea
RKJY;South Korea
LECO;Spain
LEAB;Spain
LEAL;Spain
LEAM;Spain
GCRR;Spain
LEAS;Spain
LEBZ;Spain
LEBL;Spain
LEBB;Spain
GECT;Spain
LEBA;Spain
GCHI;Spain
GCFV;Spain
LEGE;Spain
LEGR;Spain
GCTS;Spain
LEIB;Spain
LEJR;Spain
GCGM;Spain
GCXO;Spain
GCLA;Spain
GCLP;Spain
LELN;Spain
LELO;Spain
LEMD;Spain
LETO;Spain
LEMG;Spain
GEML;Spain
LEMH;Spain
LELC;Spain
LEPA;Spain
LEPP;Spain
LERS;Spain
LELL;Spain
LESA;Spain
LESO;Spain
LEXJ;Spain
LEST;Spain
LEZL;Spain
LEVC;Spain
LEVD;Spain
LEVX;Spain
LEVT;Spain
LEZG;Spain
VCCA;Sri Lanka
VCCB;Sri Lanka
VCBI;Sri Lanka
VCCC;Sri Lanka
VCCG;Sri Lanka
VCCJ;Sri Lanka
VCCT;Sri Lanka
TVSV;St. Vincent & Grenadines
TVSU;St. Vincent & Grenadines
HSAT;Sudan
HSGG;Sudan
HSDN;Sudan
HSFS;Sudan
HSNH;Sudan
HSOB;Sudan
HSGF;Sudan
HSGN;Sudan
HSSJ;Sudan
HSKA;Sudan
HSSS;Sudan
HSKI;Sudan
HSSM;Sudan
HSMR;Sudan
HSNW;Sudan
HSNL;Sudan
HSPN;Sudan
HSSW;Sudan
HSWW;Sudan
SMPA;Suriname
SMZO;Suriname
SMJP;Suriname
FDMS;Swaziland
ESTA;Sweden
ESNX;Sweden
ESSD;Sweden
ESSU;Sweden
ESNG;Sweden
ESSK;Sweden
ESGP;Sweden
ESGG;Sweden
ESOH;Sweden
ESMT;Sweden
ESUT;Sweden
ESNH;Sweden
ESSF;Sweden
ESUE;Sweden
ESGJ;Sweden
ESMQ;Sweden
ESKK;Sweden
ESOK;Sweden
ESNQ;Sweden
ESNK;Sweden
ESMK;Sweden
ESGL;Sweden
ESSL;Sweden
ESPA;Sweden
ESNL;Sweden
ESMS;Sweden
ESKM;Sweden
ESSP;Sweden
ESOE;Sweden
ESNO;Sweden
ESMO;Sweden
ESPC;Sweden
ESUP;Sweden
ESDF;Sweden
ESNS;Sweden
ESGR;Sweden
ESNY;Sweden
ESSA;Sweden
ESSB;Sweden
ESKN;Sweden
ESUD;Sweden
ESNN;Sweden
ESND;Sweden
ESST;Sweden
ESGT;Sweden
ESNU;Sweden
ESOW;Sweden
ESSW;Sweden
ESMX;Sweden
ESNV;Sweden
ESSV;Sweden
LSZB;Switzerland
LSGG;Switzerland
LSZA;Switzerland
LSZS;Switzerland
LSGS;Switzerland
LSZR;Switzerland
LSZH;Switzerland
OSAP;Syria
OSDI;Syria
OSDZ;Syria
OSKL;Syria
OSLK;Syria
OSPR;Syria
RCKH;Taiwan, Republic of China
RCSS;Taiwan, Republic of China
RCTP;Taiwan, Republic of China
UTDD;Tajikistan
UTDL;Tajikistan
HTAR;Tanzania
HTBU;Tanzania
HTDA;Tanzania
HTDO;Tanzania
HTIR;Tanzania
HTKA;Tanzania
HTKJ;Tanzania
HTKI;Tanzania
HTLM;Tanzania
HTLI;Tanzania
HTMA;Tanzania
HTMI;Tanzania
HTMB;Tanzania
HTMT;Tanzania
HTMU;Tanzania
HTMD;Tanzania
HTMW;Tanzania
HTNA;Tanzania
HTNJ;Tanzania
HTPE;Tanzania
HTSN;Tanzania
HTSY;Tanzania
HTSO;Tanzania
HTSU;Tanzania
HTTB;Tanzania
HTTG;Tanzania
HTZA;Tanzania
VTBD;Thailand
VTCC;Thailand
VTCT;Thailand
VTCR;Thailand
VTBS;Thailand
VTSS;Thailand
VTPH;Thailand
VTSM;Thailand
VTUK;Thailand
VTSG;Thailand
VTCL;Thailand
VTUL;Thailand
VTCH;Thailand
VTPM;Thailand
VTUW;Thailand
VTUQ;Thailand
VTSN;Thailand
VTCN;Thailand
VTSC;Thailand
VTSK;Thailand
VTBU;Thailand
VTPP;Thailand
VTCP;Thailand
VTSP;Thailand
VTSR;Thailand
VTUI;Thailand
VTSH;Thailand
VTPO;Thailand
VTSB;Thailand
VTPT;Thailand
VTST;Thailand
VTUU;Thailand
VTUD;Thailand
VTUD;Thailand
VTPU;Thailand
DXXX;Togo
DXNG;Togo
NFTL;Tonga
NFTP;Tonga
NFTF;Tonga
NFTV;Tonga
TTPP;Trinidad & Tobago
DTTJ;Tunesia
DTTR;Tunesia
DTTF;Tunesia
DTMB;Tunesia
DTTX;Tunesia
DTKA;Tunesia
DTTZ;Tunesia
DTTA;Tunesia
LTAF;Turkey
LTCP;Turkey
LTCO;Turkey
LTAC;Turkey
LTAI;Turkey
LTFD;Turkey
LTCJ;Turkey
LTBR;Turkey
LTBH;Turkey
LTAY;Turkey
LTCC;Turkey
LTCA;Turkey
LTCD;Turkey
LTCE;Turkey
LTBY;Turkey
LTAJ;Turkey
LTFG;Turkey
LTFC;Turkey
LTBA;Turkey
LTFJ;Turkey
LTBJ;Turkey
LTCN;Turkey
LTCF;Turkey
LTAU;Turkey
LTAN;Turkey
LTAT;Turkey
LTCR;Turkey
LTFE;Turkey
LTBS;Turkey
LTCK;Turkey
LTAZ;Turkey
LTFH;Turkey
LTCH;Turkey
LTCL;Turkey
LTAR;Turkey
LTBU;Turkey
LTCG;Turkey
LTCI;Turkey
UTAA;Turkmenistan
MBGT;Turks & Caicos
NGFU;Tuvalu
TISX;US Virgin Islands
TIST;US Virgin Islands
KABR;USA
KABI;USA
KCAK;USA
KABY;USA
KALB;USA
KABQ;USA
KAEX;USA
KABE;USA
KAPN;USA
KAOO;USA
KAMA;USA
PAMR;USA
PANC;USA
PALH;USA
PANI;USA
KATW;USA
KACV;USA
KDCA;USA
KAVL;USA
KASE;USA
KAHN;USA
KATL;USA
KACY;USA
KAGS;USA
KAUS;USA
KBFL;USA
KBWI;USA
KBGR;USA
KBHB;USA
PABR;USA
KBTR;USA
KBPT;USA
KBED;USA
KBLI;USA
KBJI;USA
PABE;USA
KBIL;USA
KBGM;USA
KBHM;USA
KBIS;USA
KBMI;USA
KBOI;USA
KBOS;USA
KBZN;USA
KBRD;USA
KBRO;USA
KBQK;USA
KBUF;USA
KIFP;USA
KBUR;USA
KBTV;USA
KBTM;USA
KCRQ;USA
KCPR;USA
KCDC;USA
KCID;USA
KCMI;USA
KIAD;USA
KCHS;USA
KCRW;USA
KCVX;USA
KCLT;USA
KCHO;USA
KCHA;USA
KCYS;USA
KMDW;USA
KORD;USA
KCIC;USA
KCKB;USA
KCLE;USA
KCOD;USA
KCLL;USA
KCOS;USA
KCOU;USA
KCAE;USA
KCSG;USA
KGTR;USA
KCMH;USA
PACV;USA
KCRP;USA
KCVG;USA
KCEC;USA
KDAL;USA
KDFW;USA
KDAY;USA
KDAB;USA
PASC;USA
KDEC;USA
KDEN;USA
KDSM;USA
KDTW;USA
PADL;USA
KDHN;USA
KDUJ;USA
KDBQ;USA
KDLH;USA
KDRO;USA
KEGE;USA
KEAU;USA
KELP;USA
KEKO;USA
KELM;USA
KERI;USA
KEUG;USA
KEVV;USA
PAFA;USA
KFAR;USA
KFMN;USA
KXNA;USA
KFAY;USA
KFLG;USA
KFNT;USA
KFLO;USA
KFLL;USA
KRSW;USA
KFSM;USA
KFWA;USA
KFAT;USA
KFHR;USA
KGNV;USA
PAGA;USA
KGCC;USA
KGFK;USA
KGJT;USA
KGRR;USA
KGTF;USA
KGRB;USA
KGSO;USA
KPGV;USA
KGSP;USA
KGPT;USA
KGUC;USA
KHGR;USA
KSUN;USA
PHHN;USA
KCMX;USA
KHRL;USA
KMDT;USA
KPIB;USA
KHDN;USA
KHLN;USA
PHTO;USA
KHXD;USA
PAHO;USA
PHNL;USA
KEFD;USA
KHOU;USA
KIAH;USA
KHTS;USA
KHSV;USA
KHYA;USA
KIDA;USA
KIPL;USA
KIND;USA
KINL;USA
KIYK;USA
KISP;USA
KITH;USA
KJAN;USA
KJAC;USA
KJAX;USA
KOAJ;USA
KJHW;USA
KJST;USA
KJLN;USA
PAJN;USA
PHOG;USA
PHKO;USA
KAZO;USA
KGPI;USA
KMCI;USA
PHMK;USA
PAEN;USA
PAKT;USA
KEYW;USA
KGRK;USA
PAKN;USA
KLMT;USA
KTYS;USA
PADQ;USA
PAOT;USA
KLSE;USA
KLAF;USA
KLFT;USA
KLCH;USA
PHNY;USA
KLNS;USA
KLAN;USA
KLRD;USA
KLAS;USA
KVGT;USA
KLBE;USA
KLAW;USA
KLWS;USA
KLEX;USA
PHLI;USA
KLNK;USA
KLIT;USA
KLGB;USA
KGGG;USA
KLAX;USA
KSDF;USA
KLBB;USA
KLYH;USA
KMCN;USA
KMSN;USA
KMHT;USA
KMHK;USA
KMKT;USA
KMWA;USA
KSAW;USA
KMCW;USA
KMFE;USA
KMFR;USA
KMLB;USA
KMEM;USA
KMEI;USA
KMIA;USA
KMAF;USA
KMKE;USA
KMSP;USA
KMOT;USA
KMSO;USA
KMOB;USA
KMOD;USA
KMLI;USA
KMLU;USA
KMRY;USA
KMGM;USA
KMTJ;USA
KMGW;USA
KCWA;USA
KMKG;USA
KMYR;USA
KACK;USA
KAPF;USA
KBNA;USA
KEWB;USA
KEWN;USA
KHVN;USA
KMSY;USA
KLGA;USA
KJFK;USA
KEWR;USA
KSWF;USA
KPHF;USA
PAOM;USA
KORF;USA
KOTH;USA
KOAK;USA
KOKC;USA
KOMA;USA
KONT;USA
KSFB;USA
KMCO;USA
KOXR;USA
KPAH;USA
KPGA;USA
KPSP;USA
KPFN;USA
KPKB;USA
KPSC;USA
KPLN;USA
KPDT;USA
KPNS;USA
KPIA;USA
PAPG;USA
KPHL;USA
KPHX;USA
KPIR;USA
KPIT;USA
KPIH;USA
KCLM;USA
KPCW;USA
KPWM;USA
KPDX;USA
KPSM;USA
KPQI;USA
KPVD;USA
KPVC;USA
KPUW;USA
KUIN;USA
KRDU;USA
KRAP;USA
KRDG;USA
KRDD;USA
KRDM;USA
KRNO;USA
KRHI;USA
KRIC;USA
KRIW;USA
KROA;USA
KRST;USA
KROC;USA
KRKD;USA
KSMF;USA
KMBS;USA
KSBY;USA
KSLC;USA
KSJT;USA
KSAT;USA
KSAN;USA
KSFO;USA
KSJC;USA
KSBP;USA
KSNA;USA
KSBA;USA
KSAF;USA
KSMX;USA
KSRQ;USA
KCIU;USA
KSAV;USA
KBFI;USA
KSEA;USA
KSHR;USA
KSHV;USA
KSDY;USA
KSUX;USA
KFSD;USA
PASI;USA
KSBN;USA
KGEG;USA
KSPI;USA
KSGF;USA
KSTC;USA
KSGU;USA
KSTL;USA
KPIE;USA
KUNV;USA
KSCK;USA
KSYR;USA
KTLH;USA
KTPA;USA
KTEX;USA
KTXK;USA
KTOL;USA
KFOE;USA
KTVC;USA
KTTN;USA
KTRI;USA
KTUS;USA
KTUL;USA
KTUP;USA
KGCN;USA
KTWF;USA
KTYR;USA
PADU;USA
PAVD;USA
KVLD;USA
KVPS;USA
KVCT;USA
KVCV;USA
KMVY;USA
KACT;USA
KALW;USA
KALO;USA
KEAT;USA
KPBI;USA
KHPN;USA
KSPS;USA
KICT;USA
KAVP;USA
KIPT;USA
KILM;USA
KBDL;USA
KORH;USA
KYKM;USA
PAYA;USA
KYUM;USA
HUAR;Uganda
HUEN;Uganda
HUGU;Uganda
HUJI;Uganda
HUKS;Uganda
HUMI;Uganda
HUMA;Uganda
HUPA;Uganda
HUSO;Uganda
HUTO;Uganda
UKDD;Ukraine
UKCC;Ukraine
UKLI;Ukraine
UKHH;Ukraine
UKKK;Ukraine
UKBB;Ukraine
UKDR;Ukraine
UKLL;Ukraine
UKON;Ukraine
UKOO;Ukraine
UKLR;Ukraine
UKFF;Ukraine
UKLU;Ukraine
UKWW;Ukraine
UKDE;Ukraine
OMAA;United Arab Emirates
OMAD;United Arab Emirates
OMAL;United Arab Emirates
OMDB;United Arab Emirates
OMFJ;United Arab Emirates
OMRK;United Arab Emirates
OMSJ;United Arab Emirates
EGPD;United Kingdom
EGEW;United Kingdom
EGJA;United Kingdom
EGPU;United Kingdom
EGPR;United Kingdom
EGNL;United Kingdom
EGHL;United Kingdom
EGAC;United Kingdom
EGAA;United Kingdom
EGPL;United Kingdom
EGBB;United Kingdom
EGNH;United Kingdom
EGHH;United Kingdom
EGGD;United Kingdom
EGLK;United Kingdom
EGSC;United Kingdom
EGEC;United Kingdom
EGMH;United Kingdom
EGFF;United Kingdom
EGNC;United Kingdom
EGNR;United Kingdom
EGBE;United Kingdom
EGAE;United Kingdom
EGPN;United Kingdom
EGNX;United Kingdom
EGPH;United Kingdom
EGAB;United Kingdom
EGTE;United Kingdom
EGLF;United Kingdom
EGTG;United Kingdom
EGPF;United Kingdom
EGPK;United Kingdom
EGJB;United Kingdom
EGFE;United Kingdom
EGPE;United Kingdom
EGPI;United Kingdom
EGNS;United Kingdom
EGJJ;United Kingdom
EGNJ;United Kingdom
EGPA;United Kingdom
EGET;United Kingdom
EGPM;United Kingdom
EGGP;United Kingdom
EGKB;United Kingdom
EGLC;United Kingdom
EGKK;United Kingdom
EGLL;United Kingdom
EGGW;United Kingdom
EGSS;United Kingdom
EGMD;United Kingdom
EGCC;United Kingdom
EGNT;United Kingdom
EGDQ;United Kingdom
EGEN;United Kingdom
EGBK;United Kingdom
EGSH;United Kingdom
EGBN;United Kingdom
EGTK;United Kingdom
EGEP;United Kingdom
EGPT;United Kingdom
EGHD;United Kingdom
EGKR;United Kingdom
EGTO;United Kingdom
EGHJ;United Kingdom
EGSY;United Kingdom
EGPB;United Kingdom
EGKA;United Kingdom
EGCN;United Kingdom
EGHI;United Kingdom
EGMC;United Kingdom
EGHC;United Kingdom
EGHE;United Kingdom
EGBJ;United Kingdom
EGPO;United Kingdom
EGFH;United Kingdom
EGNV;United Kingdom
EGDJ;United Kingdom
EGNM;United Kingdom
EGEH;United Kingdom
EGPC;United Kingdom
SUAG;Uruguay
SUCA;Uruguay
SUDU;Uruguay
SULS;Uruguay
SUMO;Uruguay
SUMU;Uruguay
SUPU;Uruguay
SURV;Uruguay
SUSO;Uruguay
SUTB;Uruguay
SUTR;Uruguay
SUVO;Uruguay
UTSB;Uzbekistan
UTSS;Uzbekistan
UTTT;Uzbekistan
UTST;Uzbekistan
UTNU;Uzbekistan
NVSS;Vanuatu
NVVV;Vanuatu
SVAC;Venezuela
SVAN;Venezuela
SVBC;Venezuela
SVBI;Venezuela
SVBM;Venezuela
SVCL;Venezuela
SVCN;Venezuela
SVCO;Venezuela
SVCP;Venezuela
SVCB;Venezuela
SVPR;Venezuela
SVCR;Venezuela
SVCU;Venezuela
SVED;Venezuela
SVVG;Venezuela
SVEZ;Venezuela
SVGU;Venezuela
SVGD;Venezuela
SVGI;Venezuela
SVIC;Venezuela
SVKA;Venezuela
SVLF;Venezuela
SVMI;Venezuela
SVMC;Venezuela
SVMG;Venezuela
SVMT;Venezuela
SVMD;Venezuela
SVPT;Venezuela
SVPA;Venezuela
SVPC;Venezuela
SVPM;Venezuela
SVSP;Venezuela
SVSR;Venezuela
SVST;Venezuela
SVSE;Venezuela
SVSO;Venezuela
SVTC;Venezuela
SVTM;Venezuela
SVUM;Venezuela
SVVA;Venezuela
SVVL;Venezuela
SVVP;Venezuela
VVBM;Vietnam
VVCM;Vietnam
VVCT;Vietnam
VVCS;Vietnam
VVDL;Vietnam
VVDN;Vietnam
VVDB;Vietnam
VVCI;Vietnam
VVNB;Vietnam
VVTS;Vietnam
VVPB;Vietnam
VVCR;Vietnam
VVPQ;Vietnam
VVPK;Vietnam
VVPC;Vietnam
VVRG;Vietnam
VVNS;Vietnam
VVTH;Vietnam
VVVH;Vietnam
OYAB;Yemen
OYAA;Yemen
OYBQ;Yemen
OYGD;Yemen
OYAT;Yemen
OYBN;Yemen
OYHD;Yemen
OYMB;Yemen
OYRN;Yemen
OYMK;Yemen
OYQN;Yemen
OYSH;Yemen
OYSN;Yemen
OYSY;Yemen
OYSQ;Yemen
OYTZ;Yemen
FLCP;Zambia
FLKL;Zambia
FLKO;Zambia
FLKY;Zambia
FLKS;Zambia
FLKE;Zambia
FLSO;Zambia
FLLI;Zambia
FLLK;Zambia
FLLS;Zambia
FLMA;Zambia
FLMF;Zambia
FLMG;Zambia
FLND;Zambia
FLNA;Zambia
FLSN;Zambia
FLSW;Zambia
FLZB;Zambia
FVBU;Zimbabwe
FVCZ;Zimbabwe
FVTL;Zimbabwe
FVHA;Zimbabwe
FVWN;Zimbabwe
FVWT;Zimbabwe
FVKB;Zimbabwe
FVMV;Zimbabwe
FVMU;Zimbabwe
FVFA;Zimbabwe
